Fe,Si,B,Cu,Nb,Mo,Zr,Al,C,P,Co,V,TA,tA,ln(Coercivity (A/m))
84.4,0,15,0.6,0,0,0,0,0,0,0,0,553,1200,3.583518938
85,0,15,0,0,0,0,0,0,0,0,0,533,1200,3.555348061
83.8,0,15,1.2,0,0,0,0,0,0,0,0,533,1200,3.526360525
85,0,15,0,0,0,0,0,0,0,0,0,553,1200,3.465735903
81.3,6,11,1.7,0,0,0,0,0,0,0,0,698,3600,3.433987204
82.5,0,9,1.5,0,0,0,0,4,3,0,0,775,360,3.401197382
85.5,0,7,0.5,0,0,0,0,7,0,0,0,703,90,3.401197382
83.3,4,9,0.7,0,0,0,0,0,3,0,0,783,900,3.346389145
85,2,10,1,0,0,0,0,0,2,0,0,743,600,3.33220451
85.2,0,1,0.5,0.3,0,0,0,2,11,0,0,776,600,3.330059354
81.3,0,17,1.7,0,0,0,0,0,0,0,0,653,3600,3.295836866
85,0,15,0,0,0,0,0,0,0,0,0,573,1200,3.218875825
84.4,0,15,0.6,0,0,0,0,0,0,0,0,573,1200,3.218875825
84,0,5,0,1,0,0,0,0,10,0,0,713,600,3.218875825
83.3,0,9,0.7,0,0,0,0,4,3,0,0,773,720,3.104586678
81,4,13,2,0,0,0,0,0,0,0,0,698,3600,3.090135936
83.3,3,9,0.7,0,0,0,0,1,3,0,0,623,360,3.086486637
80.8,0,10,1.2,0,0,0,0,0,8,0,0,722,600,3.085650469
85.4,0,1,0.5,0.1,0,0,0,2,11,0,0,769,600,3.048798994
85,0,1,0.5,0.5,0,0,0,2,11,0,0,776,600,3.020912572
81,6,10,1,0,0,0,0,0,2,0,0,743,300,3.011282895
84,0,5,0,1,0,0,0,0,10,0,0,693,600,2.995732274
84,0,9,0,7,0,0,0,0,0,0,0,923,3600,2.995732274
83.3,0,9,0.7,0,0,0,0,4,3,0,0,705,360,2.995732274
83.8,0,15,1.2,0,0,0,0,0,0,0,0,573,1200,2.944438979
84.8,0,8,1.2,0,0,0,0,0,6,0,0,723,600,2.917850746
84,0,1,0.5,1.5,0,0,0,2,11,0,0,802,600,2.904712875
85,2,8,1,0,0,0,0,0,4,0,0,747.8434238,600,2.891712795
85,0,15,0,0,0,0,0,0,0,0,0,613,1200,2.890371758
85.5,0,1,0.5,0,0,0,0,2,11,0,0,751,600,2.890371758
84,0,5,1,1,0,0,0,0,9,0,0,653,600,2.833213344
84,1,5,0,1,0,0,0,0,9,0,0,653,600,2.833213344
84,0,5,0,1,0,0,0,0,10,0,0,653,600,2.833213344
84,1,5,0,1,0,0,0,0,9,0,0,713,600,2.833213344
83.25,0,0,0.75,0,0,0,0,7,9,0,0,743,600,2.824504381
84,0,5,1,1,0,0,0,0,9,0,0,633,600,2.821378886
81.3,4,13,1.7,0,0,0,0,0,0,0,0,698,3600,2.79647291
84,0,5,0,1,0,0,0,0,10,0,0,673,600,2.785011242
82.7,0,9,1.3,0,0,0,0,4,3,0,0,705,360,2.772588722
75.468,8.937,9.93,0.7,0,0,0,0,0,4.965,0,0,1033,300,2.753660712
83.5,0,10,0.5,0,0,0,0,6,0,0,0,703,180,2.708050201
82.7,0,10,1.3,0,0,0,0,6,0,0,0,703,180,2.708050201
82.7,0,9,1.3,0,0,0,0,4,3,0,0,775,360,2.708050201
83.7,0,14.8,1.5,0,0,0,0,0,0,0,0,583.3639179,3600,2.680145235
82.25,0,0,0.75,1,0,0,0,7,9,0,0,744,600,2.677138935
83.3,0,9,0.7,0,0,0,0,4,3,0,0,650,360,2.63905733
83.1,0,9,0.9,0,0,0,0,4,3,0,0,705,360,2.63905733
85,2,8,1,0,0,0,0,0,4,0,0,702.9582463,600,2.628636943
85.5,0,1,0.5,0,0,0,0,2,11,0,0,604,600,2.624668592
84,0,10,0,0,0,0,0,6,0,0,0,703,180,2.602689685
83.3,4,9,0.7,0,0,0,0,0,3,0,0,783,720,2.587764035
80.8,0,10,1.2,0,0,0,0,0,8,0,0,698,600,2.572929091
86,0,6,1,0,0,7,0,0,0,0,0,770,3600,2.565160586
84.4,0,15,0.6,0,0,0,0,0,0,0,0,613,1200,2.564949357
82,1,16,1,0,0,0,0,0,0,0,0,653,60,2.564949357
83.3,0,9,0.7,0,0,0,0,4,3,0,0,773,540,2.557227311
84.8,0,8,1.2,0,0,0,0,0,6,0,0,648,600,2.535640265
81,4,13,2,0,0,0,0,0,0,0,0,683,3600,2.529506522
81,4,10,1,0,0,0,0,0,4,0,0,743,300,2.527324177
85.5,0,1,0.5,0,0,0,0,2,11,0,0,744,600,2.509599262
85,2,8,1,0,0,0,0,0,4,0,0,742.8329854,600,2.505155648
85,2,8,1,0,0,0,0,0,4,0,0,712.7703549,600,2.501315321
84,0,10,0,0,0,0,0,6,0,0,0,493,180,2.48490665
84,1,5,0,1,0,0,0,0,9,0,0,673,600,2.48490665
85.4,0,1,0.5,0.1,0,0,0,2,11,0,0,756,600,2.48490665
82.9,0,9,1.1,0,0,0,0,4,3,0,0,705,360,2.48490665
83.3,3,10,0.7,0,0,0,0,0,3,0,0,653,600,2.468099531
81,2,10,1,0,0,0,0,0,6,0,0,743,300,2.466129949
85.5,0,1,0.5,0,0,0,0,2,11,0,0,644,600,2.451005098
83.3,4,9,0.7,0,0,0,0,0,3,0,0,783,540,2.451005098
84.5,0,1,0.5,1,0,0,0,2,11,0,0,777,600,2.442347035
83.3,0,9,0.7,0,0,0,0,4,3,0,0,773,180,2.442347035
83,1,15,1,0,0,0,0,0,0,0,0,653,60,2.424802726
83.3,4,9,0.7,0,0,0,0,0,3,0,0,783,180,2.424802726
75.468,8.937,9.93,0.7,0,0,0,0,0,4.965,0,0,843,300,2.424802726
75.316,8.919,9.91,0.7,0.2,0,0,0,0,4.955,0,0,843,300,2.406945108
84,0,5,1,1,0,0,0,0,9,0,0,673,600,2.397895273
84,1,14,1,0,0,0,0,0,0,0,0,653,60,2.397895273
75.088,8.892,9.88,0.7,0.5,0,0,0,0,4.94,0,0,843,300,2.397895273
75.468,8.937,9.93,0.7,0,0,0,0,0,4.965,0,0,883,300,2.397895273
83.7,0,14.8,1.5,0,0,0,0,0,0,0,0,683.5826558,3600,2.392986817
81,4,13,2,0,0,0,0,0,0,0,0,668,3600,2.382675009
84.3,4,8,0.7,0,0,0,0,0,3,0,0,747.7656728,600,2.364473797
83.3,2,9,0.7,0,0,0,0,2,3,0,0,623,360,2.351375257
86,0,6,1,0,0,7,0,0,0,0,0,724,3600,2.322783208
75.468,8.937,9.93,0.7,0,0,0,0,0,4.965,0,0,620,300,2.32238772
81,4,11,1,0,0,0,0,0,2,0,1,698,900,2.320150123
83.3,0,9,0.7,0,0,0,0,4,3,0,0,775,360,2.302585093
83.1,0,9,0.9,0,0,0,0,4,3,0,0,775,360,2.302585093
82.9,0,9,1.1,0,0,0,0,4,3,0,0,775,360,2.302585093
82,1,15,1,0,0,0,0,1,0,0,0,620,160,2.302585093
82,1,14,1,0,0,0,0,2,0,0,0,615,160,2.302585093
81.3,2,15,1.7,0,0,0,0,0,0,0,0,668,3600,2.302585093
85.5,1,7,0.5,0,0,0,0,6,0,0,0,703,90,2.302585093
83,3,11,1,0,0,0,0,0,2,0,0,793,60,2.302585093
84.8,0,8,1.2,0,0,0,0,0,6,0,0,673,600,2.302585093
83.7,0,14.8,1.5,0,0,0,0,0,0,0,0,603.8691444,3600,2.297267344
85,2,8,1,0,0,0,0,0,4,0,0,717.7807933,600,2.296112933
85.5,0,1,0.5,0,0,0,0,2,11,0,0,654,600,2.282382386
84.8,0,8,1.2,0,0,0,0,0,6,0,0,698,600,2.255974059
83.3,1,9,0.7,0,0,0,0,3,3,0,0,623,360,2.251291799
83.7,0,14.8,1.5,0,0,0,0,0,0,0,0,623.8555943,3600,2.233454363
85.4,0,1,0.5,0.1,0,0,0,2,11,0,0,646,600,2.2300144
83.3,0,9,0.7,0,0,0,0,4,3,0,0,773,360,2.2300144
82.75,0,0,0.75,0.5,0,0,0,7,9,0,0,743,600,2.22890237
85.2,0,1,0.5,0.3,0,0,0,2,11,0,0,650,600,2.219203484
85,1,13,1,0,0,0,0,0,0,0,0,653,60,2.219203484
82.8,0,9,1.2,0,0,0,0,0,7,0,0,648,600,2.218685231
81,0,10,1,0,0,0,0,0,8,0,0,743,300,2.215533884
84.4,0,15,0.6,0,0,0,0,0,0,0,0,593,1200,2.197224577
83,2,10,1,0,0,0,0,0,4,0,0,743,600,2.197224577
85,2,8,1,0,0,0,0,0,4,0,0,722.7912317,600,2.193847432
84,0,8,1,7,0,0,0,0,0,0,0,823,3600,2.186051277
85,2,8,1,0,0,0,0,0,4,0,0,692.7286013,600,2.164279597
83.2,0,0,0.8,0,0,0,0,6,10,0,0,743,120,2.151762203
84,0,8,1,7,0,0,0,0,0,0,0,973,3600,2.151762203
81.3,4,13,1.7,0,0,0,0,0,0,0,0,638,3600,2.129056941
81,4,13,2,0,0,0,0,0,0,0,0,653,3600,2.129056941
85.4,0,1,0.5,0.1,0,0,0,2,11,0,0,606,600,2.128231706
85.2,0,1,0.5,0.3,0,0,0,2,11,0,0,610,600,2.128231706
75.316,8.919,9.91,0.7,0.2,0,0,0,0,4.955,0,0,883,300,2.104134154
81,4,11,1,0,0,0,0,0,2,0,1,698,600,2.086416338
84,1,5,0,1,0,0,0,0,9,0,0,693,600,2.079441542
83.3,4,8,0.7,0,0,0,0,0,4,0,0,748,600,2.079441542
85.4,0,1,0.5,0.1,0,0,0,2,11,0,0,626,600,2.079441542
75.316,8.919,9.91,0.7,0.2,0,0,0,0,4.955,0,0,620,300,2.079441542
83,3,11,1,0,0,0,0,0,2,0,0,813,30,2.079441542
83,1,10,1,0,0,0,0,5,0,0,0,703,180,2.079441542
74.86,8.865,9.85,0.7,0.8,0,0,0,0,4.925,0,0,843,300,2.079441542
81.3,4,13,1.7,0,0,0,0,0,0,0,0,683,3600,2.075663664
75.088,8.892,9.88,0.7,0.5,0,0,0,0,4.94,0,0,620,300,2.054123734
85,2,8,1,0,0,0,0,0,4,0,0,715.3956835,600,2.036495366
83,0,10,1,0,0,0,0,6,0,0,0,703,180,2.028148247
85.2,0,1,0.5,0.3,0,0,0,2,11,0,0,762,600,2.028148247
75.088,8.892,9.88,0.7,0.5,0,0,0,0,4.94,0,0,883,300,2.028148247
85,1,9,1,0,0,0,0,0,4,0,0,653,7200,2.028148247
83.7,0,14.8,1.5,0,0,0,0,0,0,0,0,643.5729772,3600,2.026062172
85.4,0,1,0.5,0.1,0,0,0,2,11,0,0,655,600,2.014903021
85.4,0,1,0.5,0.1,0,0,0,2,11,0,0,666,600,2.014903021
85,2,8,1,0,0,0,0,0,4,0,0,737.822547,600,2.002824715
85.2,0,1,0.5,0.3,0,0,0,2,11,0,0,630,600,2.00148
85,2,8,1,0,0,0,0,0,4,0,0,687.7181628,600,1.983542512
81.3,4,13,1.7,0,0,0,0,0,0,0,0,653,3600,1.982225428
73.5,13.5,9,1,3,0,0,0,0,0,0,0,852.9323308,1800,1.980969172
85.2,0,1,0.5,0.3,0,0,0,2,11,0,0,657,600,1.974081026
81.3,4,13,1.7,0,0,0,0,0,0,0,0,668,3600,1.968877109
81.3,4,13,1.7,0,0,0,0,0,0,0,0,668,3600,1.960094784
83.3,4,9,0.7,0,0,0,0,0,3,0,0,783,360,1.960094784
81,4,11,1,0,0,0,0,0,2,0,1,698,60,1.957147842
84,1,5,0,1,0,0,0,0,9,0,0,633,600,1.945910149
83.8,0,15,1.2,0,0,0,0,0,0,0,0,593,1200,1.945910149
85.5,0,1,0.5,0,0,0,0,2,11,0,0,664,600,1.945910149
85.2,0,1,0.5,0.3,0,0,0,2,11,0,0,670,600,1.945910149
82.9,0,9,1.1,0,0,0,0,4,3,0,0,650,360,1.945910149
82,1,14,1,0,0,0,0,2,0,0,0,615,180,1.945910149
83,1,14,1,0,0,0,0,1,0,0,0,600,160,1.945910149
84,1,13,1,0,0,0,0,1,0,0,0,575,160,1.945910149
85,2,8,1,0,0,0,0,0,4,0,0,727.8016701,600,1.937216885
85.5,0,1,0.5,0,0,0,0,2,11,0,0,624,600,1.902107526
74.708,8.847,9.83,0.7,1,0,0,0,0,4.915,0,0,843,300,1.902107526
74.86,8.865,9.85,0.7,0.8,0,0,0,0,4.925,0,0,883,300,1.887069649
83.3,4,8,0.7,0,0,0,0,0,4,0,0,747.7824296,600,1.880630685
85.4,0,1,0.5,0.1,0,0,0,2,11,0,0,686,600,1.871802177
82.7,2,14,1.3,0,0,0,0,0,0,0,0,664.00271,3600,1.871802177
83.7,0,14.8,1.5,0,0,0,0,0,0,0,0,664.00271,3600,1.866529717
73.5,15.5,3,1,3,0,0,0,0,4,0,0,813.15,1800,1.851002388
74.556,8.829,9.81,0.7,1.2,0,0,0,0,4.905,0,0,843,300,1.824549292
84,2,8,1,0,1,0,0,0,4,0,0,715.3956835,600,1.816398602
84,0,5,0,1,0,0,0,0,10,0,0,573,600,1.791759469
85.2,0,1,0.5,0.3,0,0,0,2,11,0,0,690,600,1.791759469
82,1,15,1,0,0,0,0,1,0,0,0,620,180,1.791759469
82,1,16,1,0,0,0,0,0,0,0,0,653,120,1.791759469
83.3,0,9,0.7,0,0,0,0,4,3,0,0,623,360,1.791759469
74.328,8.802,9.78,0.7,1.5,0,0,0,0,4.89,0,0,843,300,1.791759469
85,2,8,1,0,0,0,0,0,4,0,0,732.8121086,600,1.783496368
80.8,0,10,1.2,0,0,0,0,0,8,0,0,673,600,1.780541509
85.5,0,1,0.5,0,0,0,0,2,11,0,0,684,600,1.774952351
85.2,0,1,0.5,0.3,0,0,0,2,11,0,0,756,600,1.774952351
84,0,1,0.5,1.5,0,0,0,2,11,0,0,789,600,1.757857918
82,1,16,1,0,0,0,0,0,0,0,0,653,300,1.757857918
85,2,8,1,0,0,0,0,0,4,0,0,653,7200,1.757857918
85,2,8,1,0,0,0,0,0,4,0,0,672.8956159,600,1.750007639
82.8,0,9,1.2,0,0,0,0,0,7,0,0,723,600,1.743252682
85.5,0,1,0.5,0,0,0,0,2,11,0,0,704,600,1.740466175
80.6,5,13,1.4,0,0,0,0,0,0,0,0,664.00271,3600,1.740466175
81,4,11,1,0,0,0,0,0,2,0,1,698,300,1.727505768
84,0,9,0,7,0,0,0,0,0,0,0,923,300,1.722766598
85.5,0,1,0.5,0,0,0,0,2,11,0,0,724,600,1.722766598
85,2,8,1,0,0,0,0,0,4,0,0,647.8434238,600,1.720758936
81,4,13,2,0,0,0,0,0,0,0,0,638,3600,1.71525904
82,1,16,1,0,0,0,0,0,0,0,0,653,600,1.704748092
85.4,0,1,0.5,0.1,0,0,0,2,11,0,0,749,600,1.686398954
85.2,0,1,0.5,0.3,0,0,0,2,11,0,0,716,600,1.667706821
74.328,8.802,9.78,0.7,1.5,0,0,0,0,4.89,0,0,883,300,1.667706821
83,1,15,1,0,0,0,0,0,0,0,0,653,120,1.648658626
74.86,8.865,9.85,0.7,0.8,0,0,0,0,4.925,0,0,620,300,1.648658626
83,1,15,1,0,0,0,0,0,0,0,0,653,300,1.644805056
85.4,0,1,0.5,0.1,0,0,0,2,11,0,0,709,600,1.62924054
85,0,1,0.5,0.5,0,0,0,2,11,0,0,611,600,1.62924054
84.5,0,1,0.5,1,0,0,0,2,11,0,0,773,600,1.62924054
84,0,1,0.5,1.5,0,0,0,2,11,0,0,762,600,1.62924054
84,0,1,0.5,1.5,0,0,0,2,11,0,0,782,600,1.62924054
81,4,11,1,0,0,0,0,0,2,0,1,698,180,1.618029215
84.5,0,1,0.5,1,0,0,0,2,11,0,0,674,600,1.609437912
83.1,0,9,0.9,0,0,0,0,4,3,0,0,650,360,1.609437912
82.7,0,9,1.3,0,0,0,0,4,3,0,0,650,360,1.609437912
83,1,14,1,0,0,0,0,1,0,0,0,600,180,1.609437912
84,1,13,1,0,0,0,0,1,0,0,0,575,180,1.609437912
82,1,16,1,0,0,0,0,0,0,0,0,653,180,1.609437912
83,1,15,1,0,0,0,0,0,0,0,0,653,180,1.609437912
83,1,15,1,0,0,0,0,0,0,0,0,653,600,1.609437912
84,1,14,1,0,0,0,0,0,0,0,0,653,120,1.609437912
85,2,8,1,0,0,0,0,0,4,0,0,622.7912317,600,1.589250999
74.556,8.829,9.81,0.7,1.2,0,0,0,0,4.905,0,0,620,300,1.589235205
74.556,8.829,9.81,0.7,1.2,0,0,0,0,4.905,0,0,883,300,1.589235205
84.5,0,1,0.5,1,0,0,0,2,11,0,0,663,600,1.568615918
84,0,1,0.5,1.5,0,0,0,2,11,0,0,681,600,1.568615918
85,0,1,0.5,0.5,0,0,0,2,11,0,0,763,600,1.547562509
84,0,1,0.5,1.5,0,0,0,2,11,0,0,641,600,1.547562509
82.8,0,9,1.2,0,0,0,0,0,7,0,0,698,600,1.547486338
85.4,0,1,0.5,0.1,0,0,0,2,11,0,0,729,600,1.526056303
85.2,0,1,0.5,0.3,0,0,0,2,11,0,0,736,600,1.526056303
83.25,4,8,0.75,0,0,0,0,0,4,0,0,723.1117318,1800,1.525184981
83.5,4,8,0.5,0,0,0,0,0,4,0,0,723,1800,1.504957576
85,0,1,0.5,0.5,0,0,0,2,11,0,0,671,600,1.504077397
85,0,1,0.5,0.5,0,0,0,2,11,0,0,756,600,1.504077397
84,0,1,0.5,1.5,0,0,0,2,11,0,0,742,600,1.504077397
84,1,14,1,0,0,0,0,0,0,0,0,653,180,1.504077397
84,1,14,1,0,0,0,0,0,0,0,0,653,300,1.504077397
85,0,1,0.5,0.5,0,0,0,2,11,0,0,631,600,1.481604541
85,0,1,0.5,0.5,0,0,0,2,11,0,0,691,600,1.481604541
84.5,0,1,0.5,1,0,0,0,2,11,0,0,753,600,1.481604541
84,1,14,1,0,0,0,0,0,0,0,0,653,600,1.481604541
75.316,8.919,9.91,0.7,0.2,0,0,0,0,4.955,0,0,943,300,1.481604541
84.5,0,1,0.5,1,0,0,0,2,11,0,0,733,600,1.458615023
84,0,1,0.5,1.5,0,0,0,2,11,0,0,701,600,1.458615023
86,0,6,1,0,0,7,0,0,0,0,0,925,3600,1.454264269
85,1,13,1,0,0,0,0,0,0,0,0,653,120,1.446918983
85,0,1,0.5,0.5,0,0,0,2,11,0,0,716,600,1.435084525
84.5,0,1,0.5,1,0,0,0,2,11,0,0,694,600,1.435084525
85,1,13,1,0,0,0,0,0,0,0,0,653,600,1.435084525
75.468,8.937,9.93,0.7,0,0,0,0,0,4.965,0,0,740,300,1.435084525
83.3,4,6,0.7,0,0,0,0,0,6,0,0,743,600,1.435084525
85,1,13,1,0,0,0,0,0,0,0,0,653,180,1.423108334
85,0,1,0.5,0.5,0,0,0,2,11,0,0,736,600,1.410986974
85,1,13,1,0,0,0,0,0,0,0,0,653,300,1.410986974
84,0,5,1,1,0,0,0,0,9,0,0,573,600,1.386294361
83,1,14,1,0,0,0,0,1,0,0,0,600,300,1.386294361
83,1,14,1,0,0,0,0,1,0,0,0,600,600,1.386294361
83,1,14,1,0,0,0,0,1,0,0,0,600,1200,1.386294361
83,1,14,1,0,0,0,0,1,0,0,0,600,1800,1.386294361
82,1,15,1,0,0,0,0,1,0,0,0,620,300,1.386294361
82,1,15,1,0,0,0,0,1,0,0,0,620,600,1.386294361
82,1,15,1,0,0,0,0,1,0,0,0,620,1200,1.386294361
82,1,15,1,0,0,0,0,1,0,0,0,620,1800,1.386294361
82,1,14,1,0,0,0,0,2,0,0,0,615,300,1.386294361
82,1,14,1,0,0,0,0,2,0,0,0,615,600,1.386294361
82,1,14,1,0,0,0,0,2,0,0,0,615,1200,1.386294361
82,1,14,1,0,0,0,0,2,0,0,0,615,1800,1.386294361
85,0,1,0.5,0.5,0,0,0,2,11,0,0,651,600,1.386294361
84,1,13,1,0,0,0,0,1,0,0,0,575,300,1.386294361
84,1,13,1,0,0,0,0,1,0,0,0,575,600,1.386294361
84,1,13,1,0,0,0,0,1,0,0,0,575,1200,1.386294361
84,1,13,1,0,0,0,0,1,0,0,0,575,1800,1.386294361
74.708,8.847,9.83,0.7,1,0,0,0,0,4.915,0,0,883,300,1.386294361
75.468,8.937,9.93,0.7,0,0,0,0,0,4.965,0,0,943,300,1.386294361
74.86,8.865,9.85,0.7,0.8,0,0,0,0,4.925,0,0,943,300,1.386294361
75.468,8.937,9.93,0.7,0,0,0,0,0,4.965,0,0,993,300,1.386294361
75.316,8.919,9.91,0.7,0.2,0,0,0,0,4.955,0,0,993,300,1.386294361
84.5,0,1,0.5,1,0,0,0,2,11,0,0,614,600,1.360976553
83.25,0,0,0.75,0,0,0,0,7,9,0,0,743,120,1.360976553
74.708,8.847,9.83,0.7,1,0,0,0,0,4.915,0,0,620,300,1.360976553
75.088,8.892,9.88,0.7,0.5,0,0,0,0,4.94,0,0,943,300,1.360976553
74.708,8.847,9.83,0.7,1,0,0,0,0,4.915,0,0,943,300,1.360976553
82.8,0,9,1.2,0,0,0,0,0,7,0,0,673,600,1.314431166
74.328,8.802,9.78,0.7,1.5,0,0,0,0,4.89,0,0,943,300,1.30833282
86,0,6,1,0,0,7,0,0,0,0,0,825,3600,1.272481236
75.316,8.919,9.91,0.7,0.2,0,0,0,0,4.955,0,0,740,300,1.252762968
84.3,1,9.2,0,0,0,0,0,0.5,5,0,0,643,600,1.252762968
74.556,8.829,9.81,0.7,1.2,0,0,0,0,4.905,0,0,943,300,1.252762968
73.5,13.5,9,1,2,1,0,0,0,0,0,0,847,3600,1.240340448
82,0,10,0,0,0,0,0,0,8,0,0,673,600,1.239853512
85,0,1,0.5,0.5,0,0,0,2,11,0,0,658,600,1.223775432
86,0,6,1,0,0,7,0,0,0,0,0,873,3600,1.215517227
82.5,4,8,1.5,0,0,0,0,0,4,0,0,723.1117318,1800,1.199417315
73.5,13.5,9,1,2,1,0,0,0,0,0,0,847,2700,1.197780834
84,0,1,0.5,1.5,0,0,0,2,11,0,0,621,600,1.193922468
83.25,0,0,0.75,0,0,0,0,6,10,0,0,743,120,1.193922468
75.468,8.937,9.93,0.7,0,0,0,0,0,4.965,0,0,1013,300,1.193922468
81,3.5,13.5,0,0,0,0,0,2,0,0,0,643,600,1.16315081
75.088,8.892,9.88,0.7,0.5,0,0,0,0,4.94,0,0,1033,300,1.16315081
73.5,15.5,6,1,3,0,0,0,0,1,0,0,813.15,1800,1.157855207
86,0,6,1,0,0,7,0,0,0,0,0,875,3600,1.151292546
74.708,8.847,9.83,0.7,1,0,0,0,0,4.915,0,0,993,300,1.131402111
74.556,8.829,9.81,0.7,1.2,0,0,0,0,4.905,0,0,993,300,1.131402111
74.328,8.802,9.78,0.7,1.5,0,0,0,0,4.89,0,0,993,300,1.131402111
75.316,8.919,9.91,0.7,0.2,0,0,0,0,4.955,0,0,1013,300,1.131402111
73.5,15.5,5,1,3,0,0,0,0,2,0,0,813.15,1800,1.106561913
84,1,5,0,1,0,0,0,0,9,0,0,573,600,1.098612289
74.86,8.865,9.85,0.7,0.8,0,0,0,0,4.925,0,0,1033,300,1.064710737
84,0,1,0.5,1.5,0,0,0,2,11,0,0,661,600,1.029619417
74.86,8.865,9.85,0.7,0.8,0,0,0,0,4.925,0,0,740,300,1.029619417
75.088,8.892,9.88,0.7,0.5,0,0,0,0,4.94,0,0,1013,300,1.029619417
74.328,8.802,9.78,0.7,1.5,0,0,0,0,4.89,0,0,1013,300,1.029619417
74.708,8.847,9.83,0.7,1,0,0,0,0,4.915,0,0,1033,300,1.029619417
86,1,8,1,0,0,0,0,0,4,0,0,732.8121086,600,1.029619417
73.5,15.5,4,1,3,0,0,0,0,3,0,0,813.15,1800,1.024323814
84.5,0,1,0.5,1,0,0,0,2,11,0,0,654,600,0.993251773
74.86,8.865,9.85,0.7,0.8,0,0,0,0,4.925,0,0,1013,300,0.993251773
74.556,8.829,9.81,0.7,1.2,0,0,0,0,4.905,0,0,1013,300,0.993251773
74.556,8.829,9.81,0.7,1.2,0,0,0,0,4.905,0,0,1033,300,0.993251773
73.5,13.5,9,1,2,1,0,0,0,0,0,0,847,1800,0.966451698
74.708,8.847,9.83,0.7,1,0,0,0,0,4.915,0,0,1013,300,0.955511445
73.5,13.5,9,1,2,1,0,0,0,0,0,0,847,900,0.938672134
84,0,1,0.5,1.5,0,0,0,2,11,0,0,673,600,0.916290732
84.5,0,1,0.5,1,0,0,0,2,11,0,0,634,600,0.875468737
75.088,8.892,9.88,0.7,0.5,0,0,0,0,4.94,0,0,740,300,0.875468737
74.708,8.847,9.83,0.7,1,0,0,0,0,4.915,0,0,740,300,0.875468737
78,9,13,0,0,0,0,0,0,0,0,0,643,600,0.875468737
74.86,8.865,9.85,0.7,0.8,0,0,0,0,4.925,0,0,993,300,0.875468737
83,4,8,1,0,0,0,0,0,4,0,0,723,1800,0.842776243
86,0,6,1,0,0,7,0,0,0,0,0,573,3600,0.787726479
86,0,6,1,0,0,7,0,0,0,0,0,674,3600,0.787726479
73.5,13.5,9,1,3,0,0,0,0,0,0,0,832.8571429,1800,0.766176996
80.8,0,10,1.2,0,0,0,0,0,8,0,0,647,600,0.745776548
74.328,8.802,9.78,0.7,1.5,0,0,0,0,4.89,0,0,1033,300,0.741937345
82.75,4,8,1.25,0,0,0,0,0,4,0,0,723.1117318,1800,0.725573438
72.5,17.5,5,1,3,0,0,1,0,0,0,0,823,1800,0.723040711
74.556,8.829,9.81,0.7,1.2,0,0,0,0,4.905,0,0,740,300,0.693147181
75.088,8.892,9.88,0.7,0.5,0,0,0,0,4.94,0,0,993,300,0.693147181
73.5,17.5,5,1,3,0,0,0,0,0,0,0,823,1800,0.637367127
73.3,17.5,5,1,3,0,0,0.2,0,0,0,0,823,1800,0.609765572
86,0,6,1,3.5,0,3.5,0,0,0,0,0,873,300,0.587786665
73.1,17.5,5,1,3,0,0,0.4,0,0,0,0,823,1800,0.547922066
73.5,13.5,9,1,3,0,0,0,0,0,0,0,772.8571429,1800,0.544366576
73.5,13.5,9,1,3,0,0,0,0,0,0,0,823,3600,0.470003629
73.5,15.5,7,1,3,0,0,0,0,0,0,0,813.15,1800,0.464708027
74.5,13.5,9,0,3,0,0,0,0,0,0,0,763,3600,0.405465108
82,0,10,0,0,0,0,0,0,8,0,0,648,600,0.270343998
72.9,17.5,5,1,3,0,0,0.6,0,0,0,0,823,1800,0.205049808
73.5,13.5,9,1,3,0,0,0,0,0,0,0,813,1800,0.179026661
73.5,16.5,6,1,3,0,0,0,0,0,0,0,853,3600,0.09531018
72.7,17.5,5,1,3,0,0,0.8,0,0,0,0,823,1800,0.037450802
83,2,11,0,0,0,0,0,1,3,0,0,643,600,0
73.5,13.5,9,1,3,0,0,0,0,0,0,0,565,3600,-0.003878603
74,13.5,9,0.5,3,0,0,0,0,0,0,0,843,3600,-0.021427947
73.5,13.5,9,1,2,0,0,0,0,0,0,1,833,1800,-0.105360516
73.4,13.5,9,1,3,0,0,0.1,0,0,0,0,565,3600,-0.150614652
73.5,13.5,9,1,3,0,0,0,0,0,0,0,792.9323308,1800,-0.183379549
73.5,13.5,9,1,1.5,0,0,0,0,0,0,1.5,833,1800,-0.238056835
73,13.5,9,1,3,0,0,0.5,0,0,0,0,565,3600,-0.25710099
73.5,15.5,7,1,3,0,0,0,0,0,0,0,823,3600,-0.287682072
72.5,13.5,9,1,3,0,0,1,0,0,0,0,565,3600,-0.304112371
73.5,15.5,7,1,3,0,0,0,0,0,0,0,823,3600,-0.328504067
73,13.5,9,1.5,3,0,0,0,0,0,0,0,833,3600,-0.371208619
73.5,15.5,7,1,3,0,0,0,0,0,0,0,823,3600,-0.430782916
73.5,13.5,9,1,3,0,0,0,0,0,0,0,812.7819549,1800,-0.539397975
73.5,13.5,9,1,3,0,0,0,0,0,0,0,822.9323308,1800,-0.570266789
73.5,13.5,9,1,3,0,0,0,0,0,0,0,853,3600,-0.588607001
73.5,13.5,9,1,3,0,0,0,0,0,0,0,823,3600,-0.634878272
73.5,13.5,9,1,3,0,0,0,0,0,0,0,653,7200,-0.693147181
73.5,13.5,9,1,3,0,0,0,0,0,0,0,813,3600,-0.693147181
73.5,13.5,9,1,3,0,0,0,0,0,0,0,823,3600,-1.049822124
73.5,13.5,9,1,3,0,0,0,0,0,0,0,823,3600,-1.124161834
69.5,13.5,9,1,3,0,0,4,0,0,0,0,793,3600,-1.133311447
71.5,13.5,9,1,3,0,0,2,0,0,0,0,793,3600,-1.136908572
68.5,13.5,9,1,3,0,0,5,0,0,0,0,793,3600,-1.169878594
