Fe,Si,C,Al,B,P,Ga,Ge,Cu,Ag,Au,Ti,V,Cr,Zr,Nb,Mo,Hf,W,TA,tA,ln(Ribbon Thickness (μm))
75.5,10.5,0,0,10,0,0,0,1,0,0,0,0,0,0,3,0,0,0,813,3600,3.135494216
73.5,14.5,0,0,8,0,0,0,1,0,0,0,0,0,0,3,0,0,0,813,3600,3.135494216
73.5,15.5,0,0,7,0,0,0,1,0,0,0,0,0,0,3,0,0,0,813,3600,3.135494216
72.5,16.5,0,0,7,0,0,0,1,0,0,0,0,0,0,3,0,0,0,813,3600,3.135494216
73.5,17.5,0,0,5,0,0,0,1,0,0,0,0,0,0,3,0,0,0,813,3600,3.135494216
72.5,18.5,0,0,5,0,0,0,1,0,0,0,0,0,0,3,0,0,0,813,3600,3.135494216
71.5,13.5,0,0,9,0,0,0,1,0,0,0,0,0,0,5,0,0,0,753,3600,3.135494216
71.5,13.5,0,0,9,0,0,0,1,0,0,0,0,0,0,5,0,0,0,773,3600,3.135494216
71.5,13.5,0,0,9,0,0,0,1,0,0,0,0,0,0,5,0,0,0,793,3600,3.135494216
71.5,13.5,0,0,9,0,0,0,1,0,0,0,0,0,0,5,0,0,0,803,3600,3.135494216
73.5,13.5,0,0,9,0,0,0,1,0,0,0,0,0,0,3,0,0,0,753,3600,3.135494216
73.5,13.5,0,0,9,0,0,0,1,0,0,0,0,0,0,3,0,0,0,773,3600,3.135494216
73.5,13.5,0,0,9,0,0,0,1,0,0,0,0,0,0,3,0,0,0,793,3600,3.135494216
73.5,13.5,0,0,9,0,0,0,1,0,0,0,0,0,0,3,0,0,0,803,3600,3.135494216
74.5,13.5,0,0,9,0,0,0,1,0,0,0,0,0,0,2,0,0,0,753,3600,3.135494216
74.5,13.5,0,0,9,0,0,0,1,0,0,0,0,0,0,2,0,0,0,773,3600,3.135494216
74.5,13.5,0,0,9,0,0,0,1,0,0,0,0,0,0,2,0,0,0,793,3600,3.135494216
74.5,13.5,0,0,9,0,0,0,1,0,0,0,0,0,0,2,0,0,0,803,3600,3.135494216
75.5,10.5,0,0,10,0,0,0,1,0,0,0,0,0,0,3,0,0,0,773,3600,3.135494216
73.5,14.5,0,0,8,0,0,0,1,0,0,0,0,0,0,3,0,0,0,773,3600,3.135494216
73.5,15.5,0,0,7,0,0,0,1,0,0,0,0,0,0,3,0,0,0,773,3600,3.135494216
72.5,16.5,0,0,7,0,0,0,1,0,0,0,0,0,0,3,0,0,0,773,3600,3.135494216
73.5,17.5,0,0,5,0,0,0,1,0,0,0,0,0,0,3,0,0,0,773,3600,3.135494216
72.5,18.5,0,0,5,0,0,0,1,0,0,0,0,0,0,3,0,0,0,773,3600,3.135494216
73.5,13.5,0,0,9,0,0,0,1,0,0,0,0,0,0,3,0,0,0,773,3600,3.401197382
73.5,13.5,0,0,9,0,0,0,1,0,0,0,0,0,0,3,0,0,0,793,3600,3.401197382
73.5,13.5,0,0,9,0,0,0,1,0,0,0,0,0,0,3,0,0,0,803,3600,3.401197382
73.5,13.5,0,0,9,0,0,0,1,0,0,0,0,0,0,3,0,0,0,573.5485671,3600,3.044522438
73.5,13.5,0,0,9,0,0,0,1,0,0,0,0,0,0,3,0,0,0,624.1604661,3600,3.044522438
73.5,13.5,0,0,9,0,0,0,1,0,0,0,0,0,0,3,0,0,0,673.4110315,3600,3.044522438
73.5,13.5,0,0,9,0,0,0,1,0,0,0,0,0,0,3,0,0,0,693.5177782,3600,3.044522438
73.5,13.5,0,0,9,0,0,0,1,0,0,0,0,0,0,3,0,0,0,713.6307901,3600,3.044522438
73.5,13.5,0,0,9,0,0,0,1,0,0,0,0,0,0,3,0,0,0,723.7101192,3600,3.044522438
73.5,13.5,0,0,9,0,0,0,1,0,0,0,0,0,0,3,0,0,0,732.7292906,3600,3.044522438
73.5,13.5,0,0,9,0,0,0,1,0,0,0,0,0,0,3,0,0,0,743.1218786,3600,3.044522438
73.5,13.5,0,0,9,0,0,0,1,0,0,0,0,0,0,3,0,0,0,753.492986,3600,3.044522438
73.5,13.5,0,0,9,0,0,0,1,0,0,0,0,0,0,3,0,0,0,762.8204937,3600,3.044522438
73.5,13.5,0,0,9,0,0,0,1,0,0,0,0,0,0,3,0,0,0,772.8027125,3600,3.044522438
73.5,13.5,0,0,9,0,0,0,1,0,0,0,0,0,0,3,0,0,0,792.8575477,3600,3.044522438
73.5,13.5,0,0,9,0,0,0,1,0,0,0,0,0,0,3,0,0,0,792.5120679,3600,3.044522438
73.5,13.5,0,0,9,0,0,0,1,0,0,0,0,0,0,3,0,0,0,822.9849994,3600,3.044522438
73.5,13.5,0,0,9,0,0,0,1,0,0,0,0,0,0,3,0,0,0,873.6107713,3600,3.044522438
73.5,13.5,0,0,9,0,0,0,1,0,0,0,0,0,0,3,0,0,0,823,1783.864091,3.044522438
73.5,13.5,0,0,9,0,0,0,1,0,0,0,0,0,0,3,0,0,0,823,3565.144371,3.044522438
73.5,13.5,0,0,9,0,0,0,1,0,0,0,0,0,0,3,0,0,0,823,10699.05045,3.044522438
73.5,13.5,0,0,9,0,0,0,1,0,0,0,0,0,0,3,0,0,0,823,17893.9345,3.044522438
73.5,13.5,0,0,9,0,0,0,1,0,0,0,0,0,0,3,0,0,0,823,50377.62418,3.044522438
73.5,13.5,0,0,9,0,0,0,1,0,0,0,0,0,0,3,0,0,0,813,3600,2.944438979
73.5,13.5,0,0,9,0,0,0,1,0,0,0,0,0,0,1.5,1.5,0,0,813,3600,2.944438979
73.5,13.5,0,0,9,0,0,0,1,0,0,0,0,0,0,1,2,0,0,813,3600,2.944438979
73.5,13.6,0,0,9.1,0,0,0,0.8,0,0,0,0,0,0,0,3,0,0,813,3600,2.944438979
73.5,16,0,0,6,0,0,0,1,0,0,0,0,0,0,3,0,0,0,728,3600,2.995732274
73.5,16,0,0,6,0,0,0,1,0,0,0,0,0,0,3,0,0,0,743,3600,2.995732274
73.5,16,0,0,6,0,0,0,1,0,0,0,0,0,0,3,0,0,0,773,3600,2.995732274
73.5,16,0,0,6,0,0,0,1,0,0,0,0,0,0,3,0,0,0,798,3600,2.995732274
73.5,16,0,0,6,0,0,0,1,0,0,0,0,0,0,3,0,0,0,823,3600,2.995732274
73.5,16,0,0,6,0,0,0,1,0,0,0,0,0,0,3,0,0,0,848,3600,2.995732274
73.5,16,0,0,6,0,0,0,1,0,0,0,0,0,0,3,0,0,0,873,3600,2.995732274
73.5,16,0,0,6,0,0,0,1,0,0,0,0,0,0,3,0,0,0,903,3600,2.995732274
74.5,13.5,0,0,9,0,0,0,0,0,0,0,0,0,0,3,0,0,0,763,3600,2.862200881
74,13.5,0,0,9,0,0,0,0.5,0,0,0,0,0,0,3,0,0,0,843,3600,2.862200881
73.5,13.5,0,0,9,0,0,0,1,0,0,0,0,0,0,3,0,0,0,853,3600,2.862200881
73.5,13.5,0,0,9,0,0,0,1,0,0,0,0,0,0,3,0,0,0,723.018904,3600,2.862200881
73.5,13.5,0,0,9,0,0,0,1,0,0,0,0,0,0,3,0,0,0,741.5357741,3600,2.862200881
73.5,13.5,0,0,9,0,0,0,1,0,0,0,0,0,0,3,0,0,0,772.6714525,3600,2.862200881
73.5,13.5,0,0,9,0,0,0,1,0,0,0,0,0,0,3,0,0,0,823.6104331,3600,2.862200881
73.5,13.5,0,0,9,0,0,0,1,0,0,0,0,0,0,3,0,0,0,842.4441254,3600,2.862200881
73,13.5,0,0,9,0,0,0,1.5,0,0,0,0,0,0,3,0,0,0,833,3600,2.862200881
73.5,16.5,0,0,6,0,0,0,1,0,0,0,0,0,0,3,0,0,0,853,3600,2.862200881
73.5,13.5,0,0,9,0,0,0,1,0,0,0,0,0,0,3,0,0,0,813.15,3600,2.995732274
73.5,13.5,0,0,9,0,0,0,1,0,0,0,0,0,0,3,0,0,0,1173.15,3600,2.995732274
73.5,13.5,0,0,9,0,0,0,1,0,0,0,0,0,0,3,0,0,0,973.15,3600,2.995732274
74.5,13.5,0,0,9,0,0,0,0,0,0,0,0,0,0,3,0,0,0,813.15,3600,2.995732274
74.5,13.5,0,0,9,0,0,0,0,0,0,0,0,0,0,3,0,0,0,853.15,3600,2.995732274
74.5,13.5,0,0,9,0,0,0,0,0,0,0,0,0,0,3,0,0,0,803.15,3600,2.995732274
73.5,16.5,0,0,6,0,0,0,1,0,0,0,0,0,0,3,0,0,0,813.15,3600,2.995732274
73.5,13.5,0,0,9,0,0,0,1,0,0,0,0,0,0,3,0,0,0,753.7266,3600,2.995732274
73.5,13.5,0,0,9,0,0,0,1,0,0,0,0,0,0,3,0,0,0,773.15,3600,2.995732274
73.5,13.5,0,0,9,0,0,0,1,0,0,0,0,0,0,3,0,0,0,793.7873,3600,2.995732274
73.5,13.5,0,0,9,0,0,0,1,0,0,0,0,0,0,3,0,0,0,813.2107,3600,2.995732274
73.5,13.5,0,0,9,0,0,0,1,0,0,0,0,0,0,3,0,0,0,833.241,3600,2.995732274
73.5,13.5,0,0,9,0,0,0,1,0,0,0,0,0,0,3,0,0,0,844.1667,3600,2.995732274
73.5,13.5,0,0,9,0,0,0,1,0,0,0,0,0,0,3,0,0,0,863.5901,3600,2.995732274
73.5,13.5,0,0,9,0,0,0,1,0,0,0,0,0,0,3,0,0,0,881.7995,3600,2.995732274
73.5,13.5,0,0,9,0,0,0,1,0,0,0,0,0,0,3,0,0,0,903.6508,3600,2.995732274
73.5,13.5,0,0,9,0,0,0,1,0,0,0,0,0,0,3,0,0,0,933.9998,3600,2.995732274
73.5,13.5,0,0,9,0,0,0,1,0,0,0,0,0,0,3,0,0,0,973.4535,3600,2.995732274
73.5,13.5,0,0,9,0,0,0,1,0,0,0,0,0,0,3,0,0,0,1072.391,3600,2.995732274
73.5,13.5,0,0,9,0,0,0,1,0,0,0,0,0,0,3,0,0,0,1173.757,3600,2.995732274
74.5,13.5,0,0,9,0,0,0,0,0,0,0,0,0,0,3,0,0,0,772.543,3600,2.995732274
74.5,13.5,0,0,9,0,0,0,0,0,0,0,0,0,0,3,0,0,0,795.0013,3600,2.995732274
74.5,13.5,0,0,9,0,0,0,0,0,0,0,0,0,0,3,0,0,0,802.2851,3600,2.995732274
74.5,13.5,0,0,9,0,0,0,0,0,0,0,0,0,0,3,0,0,0,812.6037,3600,2.995732274
74.5,13.5,0,0,9,0,0,0,0,0,0,0,0,0,0,3,0,0,0,823.5294,3600,2.995732274
74.5,13.5,0,0,9,0,0,0,0,0,0,0,0,0,0,3,0,0,0,832.6341,3600,2.995732274
74.5,13.5,0,0,9,0,0,0,0,0,0,0,0,0,0,3,0,0,0,842.9527,3600,2.995732274
74.5,13.5,0,0,9,0,0,0,0,0,0,0,0,0,0,3,0,0,0,853.2714,3600,2.995732274
74.5,13.5,0,0,9,0,0,0,0,0,0,0,0,0,0,3,0,0,0,852.6644,3600,2.995732274
74.5,13.5,0,0,9,0,0,0,0,0,0,0,0,0,0,3,0,0,0,883.0134,3600,2.995732274
74.5,13.5,0,0,9,0,0,0,0,0,0,0,0,0,0,3,0,0,0,903.6508,3600,2.995732274
74.5,13.5,0,0,9,0,0,0,0,0,0,0,0,0,0,3,0,0,0,933.3928,3600,2.995732274
74.5,13.5,0,0,9,0,0,0,0,0,0,0,0,0,0,3,0,0,0,972.8465,3600,2.995732274
74.5,13.5,0,0,9,0,0,0,0,0,0,0,0,0,0,3,0,0,0,1072.391,3600,2.995732274
74.5,13.5,0,0,9,0,0,0,0,0,0,0,0,0,0,3,0,0,0,1172.543,3600,2.995732274
73.5,13.5,0,0,9,0,0,0,1,0,0,0,0,0,0,3,0,0,0,771.6848,1760.2668,2.890371758
73.5,13.5,0,0,9,0,0,0,1,0,0,0,0,0,0,3,0,0,0,741.972,3601.4,2.890371758
73.5,13.5,0,0,9,0,0,0,1,0,0,0,0,0,0,3,0,0,0,722.5434,3555.4281,2.890371758
73.5,13.5,0,0,9,0,0,0,1,0,0,0,0,0,0,3,0,0,0,721.4,15101,2.890371758
73.5,13.5,0,0,9,0,0,0,1,0,0,0,0,0,0,3,0,0,0,741.4744,14936.36,2.890371758
73.5,13.5,0,0,9,0,0,0,1,0,0,0,0,0,0,3,0,0,0,722.1846,54919.06,2.890371758
73.5,13.5,0,0,9,0,0,0,1,0,0,0,0,0,0,3,0,0,0,742.907,54971.4,2.890371758
73.5,13.5,0,0,9,0,0,0,1,0,0,0,0,0,0,3,0,0,0,722.3082,177000,2.890371758
73.5,13.5,0,0,9,0,0,0,1,0,0,0,0,0,0,3,0,0,0,743.08,177000,2.890371758
73.5,13.5,0,0,9,0,0,0,1,0,0,0,0,0,0,3,0,0,0,722.3813,354000,2.890371758
73.5,13.5,0,0,9,0,0,0,1,0,0,0,0,0,0,3,0,0,0,702.3052,350000,2.890371758
73.5,13.5,0,0,9,0,0,0,1,0,0,0,0,0,0,3,0,0,0,772.8176,176000,2.890371758
73.5,13.5,0,0,9,0,0,0,1,0,0,0,0,0,0,3,0,0,0,776.58,55056,2.890371758
73.5,13.5,0,0,9,0,0,0,1,0,0,0,0,0,0,3,0,0,0,803.1315,55123.8344,2.890371758
73.5,13.5,0,0,9,0,0,0,1,0,0,0,0,0,0,3,0,0,0,772.0836,3584.8978,2.890371758
73.5,13.5,0,0,9,0,0,0,1,0,0,0,0,0,0,3,0,0,0,801.6989,14977.6182,2.890371758
73.5,13.5,0,0,9,0,0,0,1,0,0,0,0,0,0,3,0,0,0,802.1945,3547.2074,2.890371758
73.5,13.5,0,0,9,0,0,0,1,0,0,0,0,0,0,3,0,0,0,802.4465,1794.6503,2.890371758
73.5,13.5,0,0,9,0,0,0,1,0,0,0,0,0,0,3,0,0,0,822.2355,55503.0167,2.890371758
73.5,13.5,0,0,9,0,0,0,1,0,0,0,0,0,0,3,0,0,0,822.0956,14725.3154,2.890371758
73.5,13.5,0,0,9,0,0,0,1,0,0,0,0,0,0,3,0,0,0,822.2687,3529.3253,2.890371758
73.5,13.5,0,0,9,0,0,0,1,0,0,0,0,0,0,3,0,0,0,820.73,1754.1372,2.890371758
73.5,13.5,0,0,9,0,0,0,1,0,0,0,0,0,0,3,0,0,0,841.6343,573.0253,2.890371758
73.5,13.5,0,0,9,0,0,0,1,0,0,0,0,0,0,3,0,0,0,861.8252,290.6627,2.890371758
73.5,13.5,0,0,9,0,0,0,1,0,0,0,0,0,0,3,0,0,0,861.3894,572.5078,2.890371758
73.5,13.5,0,0,9,0,0,0,1,0,0,0,0,0,0,3,0,0,0,840.1663,1752.5785,2.890371758
73.5,13.5,0,0,9,0,0,0,1,0,0,0,0,0,0,3,0,0,0,840.0461,3514.0689,2.890371758
73.5,13.5,0,0,9,0,0,0,1,0,0,0,0,0,0,3,0,0,0,840.4396,14381.6994,2.890371758
73.5,13.5,0,0,9,0,0,0,1,0,0,0,0,0,0,3,0,0,0,840.532,53200.6368,2.890371758
73.5,13.5,0,0,9,0,0,0,1,0,0,0,0,0,0,3,0,0,0,869.5263,53446.9837,2.890371758
73.5,13.5,0,0,9,0,0,0,1,0,0,0,0,0,0,3,0,0,0,869.7505,14620.9271,2.890371758
73.5,13.5,0,0,9,0,0,0,1,0,0,0,0,0,0,3,0,0,0,869.9963,3530.1865,2.890371758
73.5,13.5,0,0,9,0,0,0,1,0,0,0,0,0,0,3,0,0,0,870.757,1729.4388,2.890371758
73.5,13.5,0,0,9,0,0,0,1,0,0,0,0,0,0,3,0,0,0,861.267,1161.6596,2.890371758
73.5,13.5,0,0,9,0,0,0,1,0,0,0,0,0,0,3,0,0,0,870.9472,575.6703,2.890371758
73.5,13.5,0,0,9,0,0,0,1,0,0,0,0,0,0,3,0,0,0,900.3805,288.4304,2.890371758
73.5,13.5,0,0,9,0,0,0,1,0,0,0,0,0,0,3,0,0,0,899.7502,1747.8088,2.890371758
73.5,13.5,0,0,9,0,0,0,1,0,0,0,0,0,0,3,0,0,0,900.2651,3546.3265,2.890371758
73.5,13.5,0,0,9,0,0,0,1,0,0,0,0,0,0,3,0,0,0,898.7479,14428.9354,2.890371758
79,8,0,0,9,0,0,0,1,0,0,0,0,0,0,3,0,0,0,298,0,2.890371758
77,10,0,0,9,0,0,0,1,0,0,0,0,0,0,3,0,0,0,298,0,2.890371758
75,12,0,0,9,0,0,0,1,0,0,0,0,0,0,3,0,0,0,298,0,2.890371758
73.5,13.5,0,0,9,0,0,0,1,0,0,0,0,0,0,3,0,0,0,298,0,2.890371758
72,15,0,0,9,0,0,0,1,0,0,0,0,0,0,3,0,0,0,298,0,2.890371758
71,16,0,0,9,0,0,0,1,0,0,0,0,0,0,3,0,0,0,298,0,2.890371758
70,17,0,0,9,0,0,0,1,0,0,0,0,0,0,3,0,0,0,298,0,2.890371758
74.5,13.5,0,0,9,0,0,0,0,0,0,0,0,0,0,3,0,0,0,762.6699,3600,2.890371758
74.5,13.5,0,0,9,0,0,0,0,0,0,0,0,0,0,3,0,0,0,772.8386,3600,2.890371758
74.5,13.5,0,0,9,0,0,0,0,0,0,0,0,0,0,3,0,0,0,783.1467,3600,2.890371758
74.5,13.5,0,0,9,0,0,0,0,0,0,0,0,0,0,3,0,0,0,793.1727,3600,2.890371758
74.5,13.5,0,0,9,0,0,0,0,0,0,0,0,0,0,3,0,0,0,802.7764,3600,2.890371758
74.5,13.5,0,0,9,0,0,0,0,0,0,0,0,0,0,3,0,0,0,812.9449,3600,2.890371758
73.5,13.5,0,0,9,0,0,0,1,0,0,0,0,0,0,3,0,0,0,773.2551,3600,2.890371758
73.5,13.5,0,0,9,0,0,0,1,0,0,0,0,0,0,3,0,0,0,793.5632,3600,2.890371758
73.5,13.5,0,0,9,0,0,0,1,0,0,0,0,0,0,3,0,0,0,803.5706,3600,2.890371758
73.5,13.5,0,0,9,0,0,0,1,0,0,0,0,0,0,3,0,0,0,813.4451,3600,2.890371758
73.5,13.5,0,0,9,0,0,0,1,0,0,0,0,0,0,3,0,0,0,823.1846,3600,2.890371758
73.5,13.5,0,0,9,0,0,0,1,0,0,0,0,0,0,3,0,0,0,834.8835,3600,2.890371758
73.5,13.5,0,0,9,0,0,0,1,0,0,0,0,0,0,3,0,0,0,844.0633,3600,2.890371758
73.5,13.5,0,0,9,0,0,0,1,0,0,0,0,0,0,3,0,0,0,854.3617,3600,2.890371758
73.5,13.5,0,0,9,0,0,0,1,0,0,0,0,0,0,3,0,0,0,863.7548,3600,2.890371758
73.5,13.5,0,0,9,0,0,0,1,0,0,0,0,0,0,3,0,0,0,873.0998,3600,2.890371758
73,13.5,0,0,9,0,0,0,1.5,0,0,0,0,0,0,3,0,0,0,793.1485,3600,2.890371758
73,13.5,0,0,9,0,0,0,1.5,0,0,0,0,0,0,3,0,0,0,803.0201,3600,2.890371758
73,13.5,0,0,9,0,0,0,1.5,0,0,0,0,0,0,3,0,0,0,812.9037,3600,2.890371758
73,13.5,0,0,9,0,0,0,1.5,0,0,0,0,0,0,3,0,0,0,823.3189,3600,2.890371758
73,13.5,0,0,9,0,0,0,1.5,0,0,0,0,0,0,3,0,0,0,835.5878,3600,2.890371758
73,13.5,0,0,9,0,0,0,1.5,0,0,0,0,0,0,3,0,0,0,842.5392,3600,2.890371758
74,13.5,0,0,9,0,0,0,0.5,0,0,0,0,0,0,3,0,0,0,793.3072,3600,2.890371758
74,13.5,0,0,9,0,0,0,0.5,0,0,0,0,0,0,3,0,0,0,802.8996,3600,2.890371758
74,13.5,0,0,9,0,0,0,0.5,0,0,0,0,0,0,3,0,0,0,813.3249,3600,2.890371758
74,13.5,0,0,9,0,0,0,0.5,0,0,0,0,0,0,3,0,0,0,823.4868,3600,2.890371758
74,13.5,0,0,9,0,0,0,0.5,0,0,0,0,0,0,3,0,0,0,833.7988,3600,2.890371758
74,13.5,0,0,9,0,0,0,0.5,0,0,0,0,0,0,3,0,0,0,853.1485,3600,2.890371758
73.5,13.5,0,0,9,0,0,0,1,0,0,0,0,0,0,3,0,0,0,823,3600,2.890371758
73.5,13.5,0,0,9,0,0,0,1,0,0,0,0,0,0,3,0,0,0,823,3600,2.890371758
73.5,13.5,0,0,9,0,0,0,1,0,0,0,0,0,0,3,0,0,0,823,3600,2.890371758
73.5,13.5,0,0,9,0,0,0,1,0,0,0,0,0,0,3,0,0,0,823,3600,1.984553773
73.5,13.5,0,0,9,0,0,0,1,0,0,0,0,0,0,3,0,0,0,823,3600,2.397613415
73.5,13.5,0,0,9,0,0,0,1,0,0,0,0,0,0,3,0,0,0,823,3600,2.59496362
73.5,13.5,0,0,9,0,0,0,1,0,0,0,0,0,0,3,0,0,0,823,3600,2.843029711
73.5,13.5,0,0,9,0,0,0,1,0,0,0,0,0,0,3,0,0,0,823,3600,2.898631992
73.5,13.5,0,0,9,0,0,0,1,0,0,0,0,0,0,3,0,0,0,823,3600,3.122422192
73.5,13.5,0,0,9,0,0,0,1,0,0,0,0,0,0,3,0,0,0,823,3600,1.995951231
73.5,13.5,0,0,9,0,0,0,1,0,0,0,0,0,0,3,0,0,0,823,3600,2.391666825
73.5,13.5,0,0,9,0,0,0,1,0,0,0,0,0,0,3,0,0,0,823,3600,2.599105492
73.5,13.5,0,0,9,0,0,0,1,0,0,0,0,0,0,3,0,0,0,823,3600,2.836208853
73.5,13.5,0,0,9,0,0,0,1,0,0,0,0,0,0,3,0,0,0,823,3600,2.89619919
73.5,13.5,0,0,9,0,0,0,1,0,0,0,0,0,0,3,0,0,0,823,3600,3.119417855
73.5,13.5,0,0,9,0,0,0,1,0,0,0,0,0,0,3,0,0,0,823,3600,1.978100714
73.5,13.5,0,0,9,0,0,0,1,0,0,0,0,0,0,3,0,0,0,823,3600,2.399983999
73.5,13.5,0,0,9,0,0,0,1,0,0,0,0,0,0,3,0,0,0,823,3600,2.598726286
73.5,13.5,0,0,9,0,0,0,1,0,0,0,0,0,0,3,0,0,0,823,3600,2.837521697
73.5,13.5,0,0,9,0,0,0,1,0,0,0,0,0,0,3,0,0,0,823,3600,2.897441155
73.5,13.5,0,0,9,0,0,0,1,0,0,0,0,0,0,3,0,0,0,823,3600,3.122783339
73.5,15.5,0,0,7,0,0,0,1,0,0,0,0,0,0,3,0,0,0,823,3600,3.091042453
73.5,15.5,0,0,7,0,0,0,1,0,0,0,0,0,0,3,0,0,0,823,3600,2.890371758
73.5,15.5,0,0,7,0,0,0,1,0,0,0,0,0,0,3,0,0,0,823,3600,2.63905733
85,2,0,0,8,4,0,0,1,0,0,0,0,0,0,0,0,0,0,698,116.1290323,2.995732274
85,2,0,0,8,4,0,0,1,0,0,0,0,0,0,0,0,0,0,698,300,2.995732274
85,2,0,0,8,4,0,0,1,0,0,0,0,0,0,0,0,0,0,698,600,2.995732274
85,2,0,0,8,4,0,0,1,0,0,0,0,0,0,0,0,0,0,698,1200,2.995732274
85,2,0,0,8,4,0,0,1,0,0,0,0,0,0,0,0,0,0,698,1800,2.995732274
85,2,0,0,8,4,0,0,1,0,0,0,0,0,0,0,0,0,0,698,3000,2.995732274
85,2,0,0,8,4,0,0,1,0,0,0,0,0,0,0,0,0,0,374.4516129,300,2.995732274
85,2,0,0,8,4,0,0,1,0,0,0,0,0,0,0,0,0,0,378.9677419,300,2.995732274
85,2,0,0,8,4,0,0,1,0,0,0,0,0,0,0,0,0,0,383.483871,300,2.995732274
85,2,0,0,8,4,0,0,1,0,0,0,0,0,0,0,0,0,0,392.4354839,300,2.995732274
85,2,0,0,8,4,0,0,1,0,0,0,0,0,0,0,0,0,0,412.6774194,300,2.995732274
84,4,0,0,8,4,0,0,0,0,0,0,0,0,0,0,0,0,0,623,1800,3.113515309
84,4,0,0,8,4,0,0,0,0,0,0,0,0,0,0,0,0,0,642.8137803,1800,3.113515309
84,4,0,0,8,4,0,0,0,0,0,0,0,0,0,0,0,0,0,662.8882682,1800,3.113515309
84,4,0,0,8,4,0,0,0,0,0,0,0,0,0,0,0,0,0,682.9627561,1800,3.113515309
84,4,0,0,8,4,0,0,0,0,0,0,0,0,0,0,0,0,0,703.0372439,1800,3.113515309
84,4,0,0,8,4,0,0,0,0,0,0,0,0,0,0,0,0,0,722.8510242,1800,3.113515309
84,4,0,0,8,4,0,0,0,0,0,0,0,0,0,0,0,0,0,742.9255121,1800,3.113515309
84,4,0,0,8,4,0,0,0,0,0,0,0,0,0,0,0,0,0,763.2607076,1800,3.113515309
83.5,4,0,0,8,4,0,0,0.5,0,0,0,0,0,0,0,0,0,0,723,1800,3.113515309
83.25,4,0,0,8,4,0,0,0.75,0,0,0,0,0,0,0,0,0,0,623,1800,3.113515309
83.25,4,0,0,8,4,0,0,0.75,0,0,0,0,0,0,0,0,0,0,643.0744879,1800,3.113515309
83.25,4,0,0,8,4,0,0,0.75,0,0,0,0,0,0,0,0,0,0,662.6275605,1800,3.113515309
83.25,4,0,0,8,4,0,0,0.75,0,0,0,0,0,0,0,0,0,0,682.9627561,1800,3.113515309
83.25,4,0,0,8,4,0,0,0.75,0,0,0,0,0,0,0,0,0,0,703.0372439,1800,3.113515309
83.25,4,0,0,8,4,0,0,0.75,0,0,0,0,0,0,0,0,0,0,723.1117318,1800,3.113515309
83.25,4,0,0,8,4,0,0,0.75,0,0,0,0,0,0,0,0,0,0,742.9255121,1800,3.113515309
83.25,4,0,0,8,4,0,0,0.75,0,0,0,0,0,0,0,0,0,0,763.2607076,1800,3.113515309
83,4,0,0,8,4,0,0,1,0,0,0,0,0,0,0,0,0,0,723,1800,3.113515309
82.75,4,0,0,8,4,0,0,1.25,0,0,0,0,0,0,0,0,0,0,622.7392924,1800,3.113515309
82.75,4,0,0,8,4,0,0,1.25,0,0,0,0,0,0,0,0,0,0,642.8137803,1800,3.113515309
82.75,4,0,0,8,4,0,0,1.25,0,0,0,0,0,0,0,0,0,0,662.8882682,1800,3.113515309
82.75,4,0,0,8,4,0,0,1.25,0,0,0,0,0,0,0,0,0,0,683.2234637,1800,3.113515309
82.75,4,0,0,8,4,0,0,1.25,0,0,0,0,0,0,0,0,0,0,703.0372439,1800,3.113515309
82.75,4,0,0,8,4,0,0,1.25,0,0,0,0,0,0,0,0,0,0,723.1117318,1800,3.113515309
82.75,4,0,0,8,4,0,0,1.25,0,0,0,0,0,0,0,0,0,0,742.9255121,1800,3.113515309
82.75,4,0,0,8,4,0,0,1.25,0,0,0,0,0,0,0,0,0,0,762.7392924,1800,3.113515309
82.5,4,0,0,8,4,0,0,1.5,0,0,0,0,0,0,0,0,0,0,623,1800,3.113515309
82.5,4,0,0,8,4,0,0,1.5,0,0,0,0,0,0,0,0,0,0,643.0744879,1800,3.113515309
82.5,4,0,0,8,4,0,0,1.5,0,0,0,0,0,0,0,0,0,0,662.8882682,1800,3.113515309
82.5,4,0,0,8,4,0,0,1.5,0,0,0,0,0,0,0,0,0,0,682.9627561,1800,3.113515309
82.5,4,0,0,8,4,0,0,1.5,0,0,0,0,0,0,0,0,0,0,703.0372439,1800,3.113515309
82.5,4,0,0,8,4,0,0,1.5,0,0,0,0,0,0,0,0,0,0,723.1117318,1800,3.113515309
82.5,4,0,0,8,4,0,0,1.5,0,0,0,0,0,0,0,0,0,0,742.9255121,1800,3.113515309
82.5,4,0,0,8,4,0,0,1.5,0,0,0,0,0,0,0,0,0,0,763,1800,3.113515309
85,2,0,0,8,4,0,0,1,0,0,0,0,0,0,0,0,0,0,653,7200,2.917770732
85,1,0,0,9,4,0,0,1,0,0,0,0,0,0,0,0,0,0,653,7200,2.917770732
73.5,13.5,0,0,9,0,0,0,1,0,0,0,0,0,0,3,0,0,0,653,7200,2.917770732
84.3,4,0,0,8,3,0,0,0.7,0,0,0,0,0,0,0,0,0,0,697.2049641,600,2.995732274
84.3,4,0,0,8,3,0,0,0.7,0,0,0,0,0,0,0,0,0,0,722.4097839,600,2.995732274
84.3,4,0,0,8,3,0,0,0.7,0,0,0,0,0,0,0,0,0,0,747.7656728,600,2.995732274
84.3,4,0,0,8,3,0,0,0.7,0,0,0,0,0,0,0,0,0,0,772.5590484,600,2.995732274
84.3,4,0,0,8,3,0,0,0.7,0,0,0,0,0,0,0,0,0,0,797.6045496,600,2.995732274
83.3,4,0,0,12,0,0,0,0.7,0,0,0,0,0,0,0,0,0,0,722.6900093,600,2.995732274
83.3,4,0,0,12,0,0,0,0.7,0,0,0,0,0,0,0,0,0,0,747.8600265,600,2.995732274
83.3,4,0,0,12,0,0,0,0.7,0,0,0,0,0,0,0,0,0,0,772.5868905,600,2.995732274
83.3,4,0,0,8,4,0,0,0.7,0,0,0,0,0,0,0,0,0,0,697.6104789,600,2.995732274
83.3,4,0,0,8,4,0,0,0.7,0,0,0,0,0,0,0,0,0,0,722.6559801,600,2.995732274
83.3,4,0,0,8,4,0,0,0.7,0,0,0,0,0,0,0,0,0,0,747.7824296,600,2.995732274
83.3,4,0,0,8,4,0,0,0.7,0,0,0,0,0,0,0,0,0,0,772.8189079,600,2.995732274
83.3,4,0,0,8,4,0,0,0.7,0,0,0,0,0,0,0,0,0,0,797.8476522,600,2.995732274
73.5,13.5,0,0,9,0,0,0,1,0,0,0,0,0,0,3,0,0,0,772.8571429,1800,3.17805383
73.5,13.5,0,0,9,0,0,0,1,0,0,0,0,0,0,3,0,0,0,792.9323308,1800,3.17805383
73.5,13.5,0,0,9,0,0,0,1,0,0,0,0,0,0,3,0,0,0,812.7819549,1800,3.17805383
73.5,13.5,0,0,9,0,0,0,1,0,0,0,0,0,0,3,0,0,0,822.9323308,1800,3.17805383
73.5,13.5,0,0,9,0,0,0,1,0,0,0,0,0,0,3,0,0,0,832.8571429,1800,3.17805383
73.5,13.5,0,0,9,0,0,0,1,0,0,0,0,0,0,3,0,0,0,852.9323308,1800,3.17805383
73.5,13.5,0,0,9,0,0,0,1,0,0,0,0,0,0,3,0,0,0,813,1800,2.995732274
73.5,13.5,0,0,9,0,0,0,1,0,0,0,1,0,0,2,0,0,0,833,1800,2.995732274
73.5,13.5,0,0,9,0,0,0,1,0,0,0,1.5,0,0,1.5,0,0,0,833,1800,2.995732274
73.5,13.5,0,0,9,0,0,0,1,0,0,0,2,0,0,1,0,0,0,833,1800,2.995732274
83.7,0,0,0,14.8,0,0,0,1.5,0,0,0,0,0,0,0,0,0,0,583.3639179,3600,3.044522438
83.7,0,0,0,14.8,0,0,0,1.5,0,0,0,0,0,0,0,0,0,0,603.8691444,3600,3.044522438
83.7,0,0,0,14.8,0,0,0,1.5,0,0,0,0,0,0,0,0,0,0,623.8555943,3600,3.044522438
83.7,0,0,0,14.8,0,0,0,1.5,0,0,0,0,0,0,0,0,0,0,643.5729772,3600,3.044522438
83.7,0,0,0,14.8,0,0,0,1.5,0,0,0,0,0,0,0,0,0,0,664.00271,3600,3.044522438
83.7,0,0,0,14.8,0,0,0,1.5,0,0,0,0,0,0,0,0,0,0,683.5826558,3600,3.044522438
82.7,2,0,0,14,0,0,0,1.3,0,0,0,0,0,0,0,0,0,0,664.00271,3600,3.044522438
80.6,5,0,0,13,0,0,0,1.4,0,0,0,0,0,0,0,0,0,0,664.00271,3600,3.044522438
86,1,0,0,8,4,0,0,1,0,0,0,0,0,0,0,0,0,0,732.8121086,600,2.995732274
85,2,0,0,8,4,0,0,1,0,0,0,0,0,0,0,0,0,0,622.7912317,600,2.995732274
85,2,0,0,8,4,0,0,1,0,0,0,0,0,0,0,0,0,0,647.8434238,600,2.995732274
85,2,0,0,8,4,0,0,1,0,0,0,0,0,0,0,0,0,0,672.8956159,600,2.995732274
85,2,0,0,8,4,0,0,1,0,0,0,0,0,0,0,0,0,0,687.7181628,600,2.995732274
85,2,0,0,8,4,0,0,1,0,0,0,0,0,0,0,0,0,0,692.7286013,600,2.995732274
85,2,0,0,8,4,0,0,1,0,0,0,0,0,0,0,0,0,0,702.9582463,600,2.995732274
85,2,0,0,8,4,0,0,1,0,0,0,0,0,0,0,0,0,0,712.7703549,600,2.995732274
85,2,0,0,8,4,0,0,1,0,0,0,0,0,0,0,0,0,0,717.7807933,600,2.995732274
85,2,0,0,8,4,0,0,1,0,0,0,0,0,0,0,0,0,0,722.7912317,600,2.995732274
85,2,0,0,8,4,0,0,1,0,0,0,0,0,0,0,0,0,0,727.8016701,600,2.995732274
85,2,0,0,8,4,0,0,1,0,0,0,0,0,0,0,0,0,0,732.8121086,600,2.995732274
85,2,0,0,8,4,0,0,1,0,0,0,0,0,0,0,0,0,0,737.822547,600,2.995732274
85,2,0,0,8,4,0,0,1,0,0,0,0,0,0,0,0,0,0,742.8329854,600,2.995732274
85,2,0,0,8,4,0,0,1,0,0,0,0,0,0,0,0,0,0,747.8434238,600,2.995732274
85,2,0,0,8,4,0,0,1,0,0,0,0,0,0,0,0,0,0,752.6450939,600,2.995732274
85,2,0,0,8,4,0,0,1,0,0,0,0,0,0,0,0,0,0,772.0662439,600,2.995732274
86,2,0,0,8,4,0,0,0,0,0,0,0,0,0,0,0,0,0,622.801379,600,2.995732274
86,2,0,0,8,4,0,0,0,0,0,0,0,0,0,0,0,0,0,672.5784909,600,2.995732274
86,2,0,0,8,4,0,0,0,0,0,0,0,0,0,0,0,0,0,687.6056331,600,2.995732274
86,2,0,0,8,4,0,0,0,0,0,0,0,0,0,0,0,0,0,692.677986,600,2.995732274
86,2,0,0,8,4,0,0,0,0,0,0,0,0,0,0,0,0,0,702.6177403,600,2.995732274
86,2,0,0,8,4,0,0,0,0,0,0,0,0,0,0,0,0,0,712.5859821,600,2.995732274
86,2,0,0,8,4,0,0,0,0,0,0,0,0,0,0,0,0,0,722.5502672,600,2.995732274
86,2,0,0,8,4,0,0,0,0,0,0,0,0,0,0,0,0,0,732.5113871,600,2.995732274
86,2,0,0,8,4,0,0,0,0,0,0,0,0,0,0,0,0,0,742.4218626,600,2.995732274
86,2,0,0,8,4,0,0,0,0,0,0,0,0,0,0,0,0,0,752.5673597,600,2.995732274
86,2,0,0,8,4,0,0,0,0,0,0,0,0,0,0,0,0,0,772.5014692,600,2.995732274
85,2,0,0,12,0,0,0,1,0,0,0,0,0,0,0,0,0,0,622.8085009,600,2.995732274
85,2,0,0,12,0,0,0,1,0,0,0,0,0,0,0,0,0,0,672.6156829,600,2.995732274
85,2,0,0,12,0,0,0,1,0,0,0,0,0,0,0,0,0,0,687.6776431,600,2.995732274
85,2,0,0,12,0,0,0,1,0,0,0,0,0,0,0,0,0,0,692.7515787,600,2.995732274
85,2,0,0,12,0,0,0,1,0,0,0,0,0,0,0,0,0,0,702.6850024,600,2.995732274
85,2,0,0,12,0,0,0,1,0,0,0,0,0,0,0,0,0,0,712.6413744,600,2.995732274
85,2,0,0,12,0,0,0,1,0,0,0,0,0,0,0,0,0,0,722.5890418,600,2.995732274
85,2,0,0,12,0,0,0,1,0,0,0,0,0,0,0,0,0,0,732.2399648,600,2.995732274
85,2,0,0,12,0,0,0,1,0,0,0,0,0,0,0,0,0,0,742.3822966,600,2.995732274
85,2,0,0,12,0,0,0,1,0,0,0,0,0,0,0,0,0,0,772.0575394,600,2.995732274
86,2,0,0,12,0,0,0,0,0,0,0,0,0,0,0,0,0,0,622.7388648,600,2.995732274
86,2,0,0,12,0,0,0,0,0,0,0,0,0,0,0,0,0,0,672.5547513,600,2.995732274
86,2,0,0,12,0,0,0,0,0,0,0,0,0,0,0,0,0,0,687.5700238,600,2.995732274
86,2,0,0,12,0,0,0,0,0,0,0,0,0,0,0,0,0,0,692.4287206,600,2.995732274
86,2,0,0,12,0,0,0,0,0,0,0,0,0,0,0,0,0,0,712.570947,600,2.995732274
86,2,0,0,12,0,0,0,0,0,0,0,0,0,0,0,0,0,0,722.5399801,600,2.995732274
86,2,0,0,12,0,0,0,0,0,0,0,0,0,0,0,0,0,0,732.7242518,600,2.995732274
86,2,0,0,12,0,0,0,0,0,0,0,0,0,0,0,0,0,0,742.4210712,600,2.995732274
86,2,0,0,12,0,0,0,0,0,0,0,0,0,0,0,0,0,0,752.3355033,600,2.995732274
86,2,0,0,12,0,0,0,0,0,0,0,0,0,0,0,0,0,0,772.4840602,600,2.995732274
73.5,15.5,0,0,7,0,0,0,1,0,0,0,0,0,0,3,0,0,0,813.15,1800,2.995732274
73.5,15.5,0,0,6,1,0,0,1,0,0,0,0,0,0,3,0,0,0,813.15,1800,2.995732274
73.5,15.5,0,0,5,2,0,0,1,0,0,0,0,0,0,3,0,0,0,813.15,1800,2.995732274
73.5,15.5,0,0,4,3,0,0,1,0,0,0,0,0,0,3,0,0,0,813.15,1800,2.995732274
73.5,15.5,0,0,3,4,0,0,1,0,0,0,0,0,0,3,0,0,0,813.15,1800,2.995732274
75.3,13,0,0,9,0,0,0,1,0,0,0,0,0,1.7,0,0,0,0,423.7668161,3600,3.218875825
75.3,13,0,0,9,0,0,0,1,0,0,0,0,0,1.7,0,0,0,0,449.3273543,3600,3.218875825
75.3,13,0,0,9,0,0,0,1,0,0,0,0,0,1.7,0,0,0,0,499.103139,3600,3.218875825
75.3,13,0,0,9,0,0,0,1,0,0,0,0,0,1.7,0,0,0,0,524.6636771,3600,3.218875825
75.3,13,0,0,9,0,0,0,1,0,0,0,0,0,1.7,0,0,0,0,550.2242152,3600,3.218875825
75.3,13,0,0,9,0,0,0,1,0,0,0,0,0,1.7,0,0,0,0,598.6547085,3600,3.218875825
75.3,13,0,0,9,0,0,0,1,0,0,0,0,0,1.7,0,0,0,0,624.2152466,3600,3.218875825
75.3,13,0,0,9,0,0,0,1,0,0,0,0,0,1.7,0,0,0,0,648.4304933,3600,3.218875825
75.3,13,0,0,9,0,0,0,1,0,0,0,0,0,1.7,0,0,0,0,673.9910314,3600,3.218875825
75.3,13,0,0,9,0,0,0,1,0,0,0,0,0,1.7,0,0,0,0,699.5515695,3600,3.218875825
75.3,13,0,0,9,0,0,0,1,0,0,0,0,0,1.7,0,0,0,0,747.9820628,3600,3.218875825
75.3,13,0,0,9,0,0,0,1,0,0,0,0,0,1.7,0,0,0,0,772.1973094,3600,3.218875825
75.3,13,0,0,9,0,0,0,1,0,0,0,0,0,1.7,0,0,0,0,799.103139,3600,3.218875825
75.3,13,0,0,9,0,0,0,1,0,0,0,0,0,1.7,0,0,0,0,823.3183857,3600,3.218875825
75.3,13,0,0,9,0,0,0,1,0,0,0,0,0,1.7,0,0,0,0,847.5336323,3600,3.218875825
75.3,13,0,0,9,0,0,0,1,0,0,0,0,0,1.7,0,0,0,0,873.0941704,3600,3.218875825
75.3,13,0,0,9,0,0,0,1,0,0,0,0,0,1.7,0,0,0,0,922.8699552,3600,3.218875825
73.5,13.5,0,0,9,0,0,0,1,0,0,0,0,0,0,3,0,0,0,565,3600,2.995732274
73.5,13.5,0,0.1,9,0,0,0,1,0,0,0,0,0,0,3,0,0,0,565,3600,2.995732274
73.5,13.5,0,0.5,9,0,0,0,1,0,0,0,0,0,0,3,0,0,0,565,3600,2.995732274
73.5,13.5,0,1,9,0,0,0,1,0,0,0,0,0,0,3,0,0,0,565,3600,2.995732274
73,11,0,0,9,0,4,0,0,0,0,0,0,0,0,3,0,0,0,773.5426009,3600,3.218875825
73,11,0,0,9,0,4,0,0,0,0,0,0,0,0,3,0,0,0,797.7578475,3600,3.218875825
73,11,0,0,9,0,4,0,0,0,0,0,0,0,0,3,0,0,0,823.3183857,3600,3.218875825
73.5,13.5,0,0,9,0,0,0,0.5,0.5,0,0,0,0,0,3,0,0,0,828,1800,3.218875825
73.5,13.5,0,0,9,0,0,0,0,0,1,0,0,0,0,3,0,0,0,803,5400,3.218875825
81,4,0,0,11,2,0,0,1,0,0,0,1,0,0,0,0,0,0,698,60,3.113515309
81,4,0,0,11,2,0,0,1,0,0,0,1,0,0,0,0,0,0,698,180,3.113515309
81,4,0,0,11,2,0,0,1,0,0,0,1,0,0,0,0,0,0,698,300,3.113515309
81,4,0,0,11,2,0,0,1,0,0,0,1,0,0,0,0,0,0,698,600,3.113515309
81,4,0,0,11,2,0,0,1,0,0,0,1,0,0,0,0,0,0,698,900,3.113515309
81,0,0,0,10,8,0,0,1,0,0,0,0,0,0,0,0,0,0,743,300,3.020424886
81,2,0,0,10,6,0,0,1,0,0,0,0,0,0,0,0,0,0,743,300,3.020424886
81,4,0,0,10,4,0,0,1,0,0,0,0,0,0,0,0,0,0,743,300,3.020424886
81,6,0,0,10,2,0,0,1,0,0,0,0,0,0,0,0,0,0,743,300,3.020424886
81,8,0,0,10,0,0,0,1,0,0,0,0,0,0,0,0,0,0,743,300,3.020424886
73.5,13.5,0,0,9,0,0,0,1,0,0,0,0,0,0,2,1,0,0,847,3600,3.020424886
73.5,13.5,0,0,9,0,0,0,1,0,0,0,0,0,0,2,1,0,0,847,2700,3.020424886
73.5,13.5,0,0,9,0,0,0,1,0,0,0,0,0,0,2,1,0,0,847,1800,3.020424886
73.5,13.5,0,0,9,0,0,0,1,0,0,0,0,0,0,2,1,0,0,847,900,3.020424886
73.5,13.5,0,0,9,0,0,0,1,0,0,0,0,0,0,1,2,0,0,838,3600,3.020424886
73.5,13.5,0,0,9,0,0,0,1,0,0,0,0,0,0,1,2,0,0,838,2700,3.020424886
73.5,13.5,0,0,9,0,0,0,1,0,0,0,0,0,0,1,2,0,0,838,1800,3.020424886
73.5,13.5,0,0,9,0,0,0,1,0,0,0,0,0,0,1,2,0,0,838,900,3.020424886
73.5,13.5,0,0,9,0,0,0,1,0,0,0,0,0,0,0,3,0,0,811,3600,3.020424886
73.5,13.5,0,0,9,0,0,0,1,0,0,0,0,0,0,0,3,0,0,811,2700,3.020424886
73.5,13.5,0,0,9,0,0,0,1,0,0,0,0,0,0,0,3,0,0,811,1800,3.020424886
73.5,13.5,0,0,9,0,0,0,1,0,0,0,0,0,0,0,3,0,0,811,900,3.020424886
85,2,0,0,8,4,0,0,1,0,0,0,0,0,0,0,0,0,0,652.3741007,600,2.970414466
85,2,0,0,8,4,0,0,1,0,0,0,0,0,0,0,0,0,0,668.6330935,600,2.970414466
85,2,0,0,8,4,0,0,1,0,0,0,0,0,0,0,0,0,0,684.6043165,600,2.970414466
85,2,0,0,8,4,0,0,1,0,0,0,0,0,0,0,0,0,0,700.1438849,600,2.970414466
85,2,0,0,8,4,0,0,1,0,0,0,0,0,0,0,0,0,0,715.3956835,600,2.970414466
85,2,0,0,8,4,0,0,1,0,0,0,0,0,0,0,0,0,0,730.2158273,600,2.970414466
85,2,0,0,8,4,0,0,1,0,0,0,0,0,0,0,0,0,0,745.0359712,600,2.970414466
85,2,0,0,8,4,0,0,1,0,0,0,0,0,0,0,0,0,0,759.2805755,600,2.970414466
84,2,0,0,8,4,0,0,1,0,0,0,0,0,0,0,1,0,0,652.3741007,600,2.970414466
84,2,0,0,8,4,0,0,1,0,0,0,0,0,0,0,1,0,0,668.6330935,600,2.970414466
84,2,0,0,8,4,0,0,1,0,0,0,0,0,0,0,1,0,0,684.4604317,600,2.970414466
84,2,0,0,8,4,0,0,1,0,0,0,0,0,0,0,1,0,0,700.1438849,600,2.970414466
84,2,0,0,8,4,0,0,1,0,0,0,0,0,0,0,1,0,0,715.3956835,600,2.970414466
84,2,0,0,8,4,0,0,1,0,0,0,0,0,0,0,1,0,0,730.3597122,600,2.970414466
84,2,0,0,8,4,0,0,1,0,0,0,0,0,0,0,1,0,0,745.0359712,600,2.970414466
84,2,0,0,8,4,0,0,1,0,0,0,0,0,0,0,1,0,0,759.4244604,600,2.970414466
84,2,0,0,8,4,0,0,1,0,0,0,0,0,0,0,1,0,0,773.381295,600,2.970414466
83,2,0,0,8,4,0,0,1,0,0,0,0,0,0,0,2,0,0,652.3741007,600,2.970414466
83,2,0,0,8,4,0,0,1,0,0,0,0,0,0,0,2,0,0,668.6330935,600,2.970414466
83,2,0,0,8,4,0,0,1,0,0,0,0,0,0,0,2,0,0,684.6043165,600,2.970414466
83,2,0,0,8,4,0,0,1,0,0,0,0,0,0,0,2,0,0,700.1438849,600,2.970414466
83,2,0,0,8,4,0,0,1,0,0,0,0,0,0,0,2,0,0,715.3956835,600,2.970414466
83,2,0,0,8,4,0,0,1,0,0,0,0,0,0,0,2,0,0,730.3597122,600,2.970414466
83,2,0,0,8,4,0,0,1,0,0,0,0,0,0,0,2,0,0,745.0359712,600,2.970414466
83,2,0,0,8,4,0,0,1,0,0,0,0,0,0,0,2,0,0,759.4244604,600,2.970414466
83,2,0,0,8,4,0,0,1,0,0,0,0,0,0,0,2,0,0,773.5251799,600,2.970414466
83,2,0,0,8,4,0,0,1,0,0,0,0,0,0,0,2,0,0,787.1942446,600,2.970414466
81.7,4,0,0,13,0,0,0,1.3,0,0,0,0,0,0,0,0,0,0,638,3600,2.995732274
81.7,4,0,0,13,0,0,0,1.3,0,0,0,0,0,0,0,0,0,0,653,3600,2.995732274
81.7,4,0,0,13,0,0,0,1.3,0,0,0,0,0,0,0,0,0,0,668,3600,2.995732274
81.7,4,0,0,13,0,0,0,1.3,0,0,0,0,0,0,0,0,0,0,683,3600,2.995732274
81.7,4,0,0,13,0,0,0,1.3,0,0,0,0,0,0,0,0,0,0,698,3600,2.995732274
81.7,4,0,0,13,0,0,0,1.3,0,0,0,0,0,0,0,0,0,0,723,3600,2.995732274
81.5,4,0,0,13,0,0,0,1.5,0,0,0,0,0,0,0,0,0,0,638,3600,2.995732274
81.5,4,0,0,13,0,0,0,1.5,0,0,0,0,0,0,0,0,0,0,653,3600,2.995732274
81.5,4,0,0,13,0,0,0,1.5,0,0,0,0,0,0,0,0,0,0,668,3600,2.995732274
81.5,4,0,0,13,0,0,0,1.5,0,0,0,0,0,0,0,0,0,0,683,3600,2.995732274
81.5,4,0,0,13,0,0,0,1.5,0,0,0,0,0,0,0,0,0,0,698,3600,2.995732274
81.5,4,0,0,13,0,0,0,1.5,0,0,0,0,0,0,0,0,0,0,723,3600,2.995732274
81.3,4,0,0,13,0,0,0,1.7,0,0,0,0,0,0,0,0,0,0,638,3600,2.995732274
81.3,4,0,0,13,0,0,0,1.7,0,0,0,0,0,0,0,0,0,0,653,3600,2.995732274
81.3,4,0,0,13,0,0,0,1.7,0,0,0,0,0,0,0,0,0,0,668,3600,2.995732274
81.3,4,0,0,13,0,0,0,1.7,0,0,0,0,0,0,0,0,0,0,683,3600,2.995732274
81.3,4,0,0,13,0,0,0,1.7,0,0,0,0,0,0,0,0,0,0,698,3600,2.995732274
81.3,4,0,0,13,0,0,0,1.7,0,0,0,0,0,0,0,0,0,0,723,3600,2.995732274
81,4,0,0,13,0,0,0,2,0,0,0,0,0,0,0,0,0,0,638,3600,2.995732274
81,4,0,0,13,0,0,0,2,0,0,0,0,0,0,0,0,0,0,653,3600,2.995732274
81,4,0,0,13,0,0,0,2,0,0,0,0,0,0,0,0,0,0,668,3600,2.995732274
81,4,0,0,13,0,0,0,2,0,0,0,0,0,0,0,0,0,0,683,3600,2.995732274
81,4,0,0,13,0,0,0,2,0,0,0,0,0,0,0,0,0,0,698,3600,2.995732274
81,4,0,0,13,0,0,0,2,0,0,0,0,0,0,0,0,0,0,723,3600,2.995732274
83.44,3.89,0,0,7.92,4.06,0,0,0.69,0,0,0,0,0,0,0,0,0,0,613,600,2.48490665
83.44,3.89,0,0,7.92,4.06,0,0,0.69,0,0,0,0,0,0,0,0,0,0,633,600,2.48490665
83.44,3.89,0,0,7.92,4.06,0,0,0.69,0,0,0,0,0,0,0,0,0,0,653,600,2.48490665
83.44,3.89,0,0,7.92,4.06,0,0,0.69,0,0,0,0,0,0,0,0,0,0,673,600,2.48490665
83.44,3.89,0,0,7.92,4.06,0,0,0.69,0,0,0,0,0,0,0,0,0,0,698,600,2.48490665
83.44,3.89,0,0,7.92,4.06,0,0,0.69,0,0,0,0,0,0,0,0,0,0,723,600,2.48490665
83.44,3.89,0,0,7.92,4.06,0,0,0.69,0,0,0,0,0,0,0,0,0,0,748,600,2.48490665
84.32,3.87,0,0,7.59,4.16,0,0,0,0.05,0,0,0,0,0,0,0,0,0,613,600,2.48490665
84.32,3.87,0,0,7.59,4.16,0,0,0,0.05,0,0,0,0,0,0,0,0,0,633,600,2.48490665
84.32,3.87,0,0,7.59,4.16,0,0,0,0.05,0,0,0,0,0,0,0,0,0,653,600,2.48490665
84.32,3.87,0,0,7.59,4.16,0,0,0,0.05,0,0,0,0,0,0,0,0,0,673,600,2.48490665
84.32,3.87,0,0,7.59,4.16,0,0,0,0.05,0,0,0,0,0,0,0,0,0,698,600,2.48490665
84.32,3.87,0,0,7.59,4.16,0,0,0,0.05,0,0,0,0,0,0,0,0,0,723,600,2.48490665
84.32,3.87,0,0,7.59,4.16,0,0,0,0.05,0,0,0,0,0,0,0,0,0,748,600,2.48490665
84.32,3.87,0,0,7.59,4.16,0,0,0,0.05,0,0,0,0,0,0,0,0,0,773,600,2.48490665
83.47,3.89,0,0,7.88,4.04,0,0,0,0,0.71,0,0,0,0,0,0,0,0,698,600,2.48490665
83.47,3.89,0,0,7.88,4.04,0,0,0,0,0.71,0,0,0,0,0,0,0,0,723,600,2.48490665
83.47,3.89,0,0,7.88,4.04,0,0,0,0,0.71,0,0,0,0,0,0,0,0,748,600,2.48490665
83.47,3.89,0,0,7.88,4.04,0,0,0,0,0.71,0,0,0,0,0,0,0,0,773,600,2.48490665
91,0,0,0,2,0,0,0,0,0,0,0,0,0,7,0,0,0,0,873,3600,2.890371758
89,0,0,0,4,0,0,0,0,0,0,0,0,0,7,0,0,0,0,923,3600,2.944438979
89,0,0,0,6,0,0,0,0,0,0,0,0,0,5,0,0,0,0,923,3600,2.772588722
86,0,0,0,6,0,0,0,1,0,0,0,0,0,7,0,0,0,0,573,3600,3.044522438
86,0,0,0,6,0,0,0,1,0,0,0,0,0,7,0,0,0,0,674,3600,3.044522438
86,0,0,0,6,0,0,0,1,0,0,0,0,0,7,0,0,0,0,724,3600,3.044522438
86,0,0,0,6,0,0,0,1,0,0,0,0,0,7,0,0,0,0,770,3600,3.044522438
86,0,0,0,6,0,0,0,1,0,0,0,0,0,7,0,0,0,0,825,3600,3.044522438
86,0,0,0,6,0,0,0,1,0,0,0,0,0,7,0,0,0,0,875,3600,3.044522438
86,0,0,0,6,0,0,0,1,0,0,0,0,0,7,0,0,0,0,925,3600,3.044522438
86,0,0,0,6,0,0,0,1,0,0,0,0,0,7,0,0,0,0,977,3600,3.044522438
82,0,0,0,10,0,0,0,1,0,0,7,0,0,0,0,0,0,0,573,3600,2.995732274
82,0,0,0,10,0,0,0,1,0,0,7,0,0,0,0,0,0,0,623,3600,2.995732274
82,0,0,0,10,0,0,0,1,0,0,7,0,0,0,0,0,0,0,673,3600,2.995732274
82,0,0,0,10,0,0,0,1,0,0,7,0,0,0,0,0,0,0,723,3600,2.995732274
82,0,0,0,10,0,0,0,1,0,0,7,0,0,0,0,0,0,0,773,3600,2.995732274
82,0,0,0,10,0,0,0,1,0,0,7,0,0,0,0,0,0,0,823,3600,2.995732274
82,0,0,0,10,0,0,0,1,0,0,7,0,0,0,0,0,0,0,873,3600,2.995732274
82,0,0,0,10,0,0,0,1,0,0,7,0,0,0,0,0,0,0,923,3600,2.995732274
82,0,0,0,10,0,0,0,1,0,0,7,0,0,0,0,0,0,0,973,3600,2.995732274
84,0,0,0,8,0,0,0,1,0,0,0,0,0,0,7,0,0,0,573,3600,2.995732274
84,0,0,0,8,0,0,0,1,0,0,0,0,0,0,7,0,0,0,623,3600,2.995732274
84,0,0,0,8,0,0,0,1,0,0,0,0,0,0,7,0,0,0,673,3600,2.995732274
84,0,0,0,8,0,0,0,1,0,0,0,0,0,0,7,0,0,0,723,3600,2.995732274
84,0,0,0,8,0,0,0,1,0,0,0,0,0,0,7,0,0,0,773,3600,2.995732274
84,0,0,0,8,0,0,0,1,0,0,0,0,0,0,7,0,0,0,823,3600,2.995732274
84,0,0,0,8,0,0,0,1,0,0,0,0,0,0,7,0,0,0,873,3600,2.995732274
84,0,0,0,8,0,0,0,1,0,0,0,0,0,0,7,0,0,0,923,3600,2.995732274
84,0,0,0,8,0,0,0,1,0,0,0,0,0,0,7,0,0,0,973,3600,2.995732274
84,0,0,0,8,0,0,0,1,0,0,0,0,0,0,7,0,0,0,1020,3600,2.995732274
90,0,0,0,3,0,0,0,0,0,0,0,0,0,7,0,0,0,0,773,3600,2.890371758
90,0,0,0,3,0,0,0,0,0,0,0,0,0,7,0,0,0,0,823,3600,2.890371758
90,0,0,0,3,0,0,0,0,0,0,0,0,0,7,0,0,0,0,873,3600,2.890371758
90,0,0,0,3,0,0,0,0,0,0,0,0,0,7,0,0,0,0,923,3600,2.890371758
84,0,0,0,9,0,0,0,0,0,0,0,0,0,0,7,0,0,0,721,3600,3.091042453
84,0,0,0,9,0,0,0,0,0,0,0,0,0,0,7,0,0,0,773,3600,3.091042453
84,0,0,0,9,0,0,0,0,0,0,0,0,0,0,7,0,0,0,823,3600,3.091042453
84,0,0,0,9,0,0,0,0,0,0,0,0,0,0,7,0,0,0,873,3600,3.091042453
84,0,0,0,9,0,0,0,0,0,0,0,0,0,0,7,0,0,0,923,3600,3.091042453
84,0,0,0,9,0,0,0,0,0,0,0,0,0,0,7,0,0,0,973,3600,3.091042453
82,0,0,0,10,8,0,0,0,0,0,0,0,0,0,0,0,0,0,648,600,2.995732274
82,0,0,0,10,8,0,0,0,0,0,0,0,0,0,0,0,0,0,673,600,2.995732274
82,0,0,0,10,8,0,0,0,0,0,0,0,0,0,0,0,0,0,698,600,2.995732274
82,0,0,0,10,8,0,0,0,0,0,0,0,0,0,0,0,0,0,723,600,2.995732274
82,0,0,0,10,8,0,0,0,0,0,0,0,0,0,0,0,0,0,748,600,2.995732274
80.8,0,0,0,10,8,0,0,1.2,0,0,0,0,0,0,0,0,0,0,647,600,2.995732274
80.8,0,0,0,10,8,0,0,1.2,0,0,0,0,0,0,0,0,0,0,673,600,2.995732274
80.8,0,0,0,10,8,0,0,1.2,0,0,0,0,0,0,0,0,0,0,698,600,2.995732274
80.8,0,0,0,10,8,0,0,1.2,0,0,0,0,0,0,0,0,0,0,722,600,2.995732274
80.8,0,0,0,10,8,0,0,1.2,0,0,0,0,0,0,0,0,0,0,748,600,2.995732274
82.8,0,0,0,9,7,0,0,1.2,0,0,0,0,0,0,0,0,0,0,648,600,2.995732274
82.8,0,0,0,9,7,0,0,1.2,0,0,0,0,0,0,0,0,0,0,673,600,2.995732274
82.8,0,0,0,9,7,0,0,1.2,0,0,0,0,0,0,0,0,0,0,698,600,2.995732274
82.8,0,0,0,9,7,0,0,1.2,0,0,0,0,0,0,0,0,0,0,723,600,2.995732274
82.8,0,0,0,9,7,0,0,1.2,0,0,0,0,0,0,0,0,0,0,748,600,2.995732274
84.8,0,0,0,8,6,0,0,1.2,0,0,0,0,0,0,0,0,0,0,648,600,2.995732274
84.8,0,0,0,8,6,0,0,1.2,0,0,0,0,0,0,0,0,0,0,673,600,2.995732274
84.8,0,0,0,8,6,0,0,1.2,0,0,0,0,0,0,0,0,0,0,698,600,2.995732274
84.8,0,0,0,8,6,0,0,1.2,0,0,0,0,0,0,0,0,0,0,723,600,2.995732274
84.8,0,0,0,8,6,0,0,1.2,0,0,0,0,0,0,0,0,0,0,748,600,2.995732274
85,0,0,0,9,0,0,0,0,0,0,0,0,0,0,0,0,0,6,725,3600,3.80666249
85,0,0,0,9,0,0,0,0,0,0,0,0,0,0,0,0,0,6,750,3600,3.80666249
85,0,0,0,9,0,0,0,0,0,0,0,0,0,0,0,0,0,6,795,3600,3.80666249
85,0,0,0,9,0,0,0,0,0,0,0,0,0,0,0,0,0,6,830,3600,3.80666249
85,0,0,0,9,0,0,0,0,0,0,0,0,0,0,0,0,0,6,880,3600,3.80666249
85,0,0,0,9,0,0,0,0,0,0,0,0,0,0,0,0,0,6,900,3600,3.80666249
85,0,0,0,9,0,0,0,0,0,0,0,0,0,0,0,0,0,6,935,3600,3.80666249
85,0,0,0,9,0,0,0,0,0,0,0,0,0,0,0,0,0,6,970,3600,3.80666249
85,0,0,0,9,0,0,0,0,0,0,0,0,0,0,0,0,0,6,1000,3600,3.80666249
79,0,0,0,9,0,0,0,0,0,0,0,0,0,0,0,0,0,12,725,3600,3.80666249
79,0,0,0,9,0,0,0,0,0,0,0,0,0,0,0,0,0,12,750,3600,3.80666249
79,0,0,0,9,0,0,0,0,0,0,0,0,0,0,0,0,0,12,795,3600,3.80666249
79,0,0,0,9,0,0,0,0,0,0,0,0,0,0,0,0,0,12,830,3600,3.80666249
79,0,0,0,9,0,0,0,0,0,0,0,0,0,0,0,0,0,12,880,3600,3.80666249
79,0,0,0,9,0,0,0,0,0,0,0,0,0,0,0,0,0,12,900,3600,3.80666249
79,0,0,0,9,0,0,0,0,0,0,0,0,0,0,0,0,0,12,935,3600,3.80666249
79,0,0,0,9,0,0,0,0,0,0,0,0,0,0,0,0,0,12,975,3600,3.80666249
79,0,0,0,9,0,0,0,0,0,0,0,0,0,0,0,0,0,12,1000,3600,3.80666249
85,0,0,0,9,0,0,0,0,0,0,0,0,0,0,0,0,0,6,450,3600,3.80666249
85,0,0,0,9,0,0,0,0,0,0,0,0,0,0,0,0,0,6,504,3600,3.80666249
85,0,0,0,9,0,0,0,0,0,0,0,0,0,0,0,0,0,6,592,3600,3.80666249
85,0,0,0,9,0,0,0,0,0,0,0,0,0,0,0,0,0,6,660,3600,3.80666249
85,0,0,0,9,0,0,0,0,0,0,0,0,0,0,0,0,0,6,760,3600,3.80666249
85,0,0,0,9,0,0,0,0,0,0,0,0,0,0,0,0,0,6,798,3600,3.80666249
85,0,0,0,9,0,0,0,0,0,0,0,0,0,0,0,0,0,6,835,3600,3.80666249
79,0,0,0,9,0,0,0,0,0,0,0,0,0,0,0,0,0,12,593,3600,3.80666249
79,0,0,0,9,0,0,0,0,0,0,0,0,0,0,0,0,0,12,657,3600,3.80666249
79,0,0,0,9,0,0,0,0,0,0,0,0,0,0,0,0,0,12,763,3600,3.80666249
79,0,0,0,9,0,0,0,0,0,0,0,0,0,0,0,0,0,12,797,3600,3.80666249
79,0,0,0,9,0,0,0,0,0,0,0,0,0,0,0,0,0,12,831,3600,3.80666249
79,0,0,0,9,0,0,0,0,0,0,0,0,0,0,0,0,0,12,864,3600,3.80666249
85,0,0,0,9,0,0,0,0,0,0,0,0,0,0,0,0,0,6,453,3600,3.80666249
85,0,0,0,9,0,0,0,0,0,0,0,0,0,0,0,0,0,6,501,3600,3.80666249
85,0,0,0,9,0,0,0,0,0,0,0,0,0,0,0,0,0,6,582,3600,3.80666249
85,0,0,0,9,0,0,0,0,0,0,0,0,0,0,0,0,0,6,657,3600,3.80666249
85,0,0,0,9,0,0,0,0,0,0,0,0,0,0,0,0,0,6,751,3600,3.80666249
85,0,0,0,9,0,0,0,0,0,0,0,0,0,0,0,0,0,6,796,3600,3.80666249
85,0,0,0,9,0,0,0,0,0,0,0,0,0,0,0,0,0,6,827,3600,3.80666249
85,0,0,0,9,0,0,0,0,0,0,0,0,0,0,0,0,0,6,869,3600,3.80666249
85,0,0,0,9,0,0,0,0,0,0,0,0,0,0,0,0,0,6,929,3600,3.80666249
85,0,0,0,9,0,0,0,0,0,0,0,0,0,0,0,0,0,6,992,3600,3.80666249
79,0,0,0,9,0,0,0,0,0,0,0,0,0,0,0,0,0,12,582,3600,3.80666249
79,0,0,0,9,0,0,0,0,0,0,0,0,0,0,0,0,0,12,655,3600,3.80666249
79,0,0,0,9,0,0,0,0,0,0,0,0,0,0,0,0,0,12,751,3600,3.80666249
79,0,0,0,9,0,0,0,0,0,0,0,0,0,0,0,0,0,12,797,3600,3.80666249
79,0,0,0,9,0,0,0,0,0,0,0,0,0,0,0,0,0,12,827,3600,3.80666249
79,0,0,0,9,0,0,0,0,0,0,0,0,0,0,0,0,0,12,863,3600,3.80666249
79,0,0,0,9,0,0,0,0,0,0,0,0,0,0,0,0,0,12,930,3600,3.80666249
79,0,0,0,9,0,0,0,0,0,0,0,0,0,0,0,0,0,12,995,3600,3.80666249
85,0,0,0,9,0,0,0,0,0,0,0,0,0,0,0,0,0,6,457,3600,3.80666249
85,0,0,0,9,0,0,0,0,0,0,0,0,0,0,0,0,0,6,499,3600,3.80666249
85,0,0,0,9,0,0,0,0,0,0,0,0,0,0,0,0,0,6,587,3600,3.80666249
85,0,0,0,9,0,0,0,0,0,0,0,0,0,0,0,0,0,6,655,3600,3.80666249
85,0,0,0,9,0,0,0,0,0,0,0,0,0,0,0,0,0,6,747,3600,3.80666249
85,0,0,0,9,0,0,0,0,0,0,0,0,0,0,0,0,0,6,795,3600,3.80666249
85,0,0,0,9,0,0,0,0,0,0,0,0,0,0,0,0,0,6,819,3600,3.80666249
85,0,0,0,9,0,0,0,0,0,0,0,0,0,0,0,0,0,6,869,3600,3.80666249
85,0,0,0,9,0,0,0,0,0,0,0,0,0,0,0,0,0,6,930,3600,3.80666249
85,0,0,0,9,0,0,0,0,0,0,0,0,0,0,0,0,0,6,996,3600,3.80666249
79,0,0,0,9,0,0,0,0,0,0,0,0,0,0,0,0,0,12,591,3600,3.80666249
79,0,0,0,9,0,0,0,0,0,0,0,0,0,0,0,0,0,12,653,3600,3.80666249
79,0,0,0,9,0,0,0,0,0,0,0,0,0,0,0,0,0,12,753,3600,3.80666249
79,0,0,0,9,0,0,0,0,0,0,0,0,0,0,0,0,0,12,799,3600,3.80666249
79,0,0,0,9,0,0,0,0,0,0,0,0,0,0,0,0,0,12,827,3600,3.80666249
79,0,0,0,9,0,0,0,0,0,0,0,0,0,0,0,0,0,12,870,3600,3.80666249
79,0,0,0,9,0,0,0,0,0,0,0,0,0,0,0,0,0,12,929,3600,3.80666249
79,0,0,0,9,0,0,0,0,0,0,0,0,0,0,0,0,0,12,993,3600,3.80666249
90,0,0,0,3,0,0,0,0,0,0,0,0,0,7,0,0,0,0,873,3600,2.995732274
87.5,2.5,0,0,3,0,0,0,0,0,0,0,0,0,7,0,0,0,0,873,3600,2.995732274
86,4,0,0,3,0,0,0,0,0,0,0,0,0,7,0,0,0,0,873,3600,2.995732274
85,5,0,0,3,0,0,0,0,0,0,0,0,0,7,0,0,0,0,873,3600,2.995732274
82.5,7.5,0,0,3,0,0,0,0,0,0,0,0,0,7,0,0,0,0,873,3600,2.995732274
80,10,0,0,3,0,0,0,0,0,0,0,0,0,7,0,0,0,0,873,3600,2.995732274
90,0,0,0,3,0,0,0,0,0,0,0,0,0,7,0,0,0,0,823,3600,2.995732274
87.5,2.5,0,0,3,0,0,0,0,0,0,0,0,0,7,0,0,0,0,823,3600,2.995732274
86,4,0,0,3,0,0,0,0,0,0,0,0,0,7,0,0,0,0,823,3600,2.995732274
85,5,0,0,3,0,0,0,0,0,0,0,0,0,7,0,0,0,0,823,3600,2.995732274
82.5,7.5,0,0,3,0,0,0,0,0,0,0,0,0,7,0,0,0,0,823,3600,2.995732274
80,10,0,0,3,0,0,0,0,0,0,0,0,0,7,0,0,0,0,823,3600,2.995732274
86,4,0,0,3,0,0,0,0,0,0,0,0,0,7,0,0,0,0,716,3600,2.995732274
86,4,0,0,3,0,0,0,0,0,0,0,0,0,7,0,0,0,0,774,3600,2.995732274
86,4,0,0,3,0,0,0,0,0,0,0,0,0,7,0,0,0,0,826,3600,2.995732274
86,4,0,0,3,0,0,0,0,0,0,0,0,0,7,0,0,0,0,872,3600,2.995732274
86,4,0,0,3,0,0,0,0,0,0,0,0,0,7,0,0,0,0,925,3600,2.995732274
86,4,0,0,3,0,0,0,0,0,0,0,0,0,7,0,0,0,0,976,3600,2.995732274
87,4,0,0,2,0,0,0,0,0,0,0,0,0,7,0,0,0,0,717,3600,2.995732274
87,4,0,0,2,0,0,0,0,0,0,0,0,0,7,0,0,0,0,774,3600,2.995732274
87,4,0,0,2,0,0,0,0,0,0,0,0,0,7,0,0,0,0,826,3600,2.995732274
87,4,0,0,2,0,0,0,0,0,0,0,0,0,7,0,0,0,0,871,3600,2.995732274
87,4,0,0,2,0,0,0,0,0,0,0,0,0,7,0,0,0,0,925,3600,2.995732274
73.5,13.5,0,0,9,0,0,0,1,0,0,0,0,0,0,3,0,0,0,298,0,3.401197382
73.5,16.5,0,0,6,0,0,0,1,0,0,0,0,0,0,3,0,0,0,298,0,3.401197382
73.5,13.5,0,0,9,0,0,0,1,0,0,0,0,0,0,3,0,0,0,773,3600,3.401197382
73.5,13.5,0,0,9,0,0,0,1,0,0,0,0,0,0,3,0,0,0,793,3600,3.401197382
73.5,16.5,0,0,6,0,0,0,1,0,0,0,0,0,0,3,0,0,0,803,3600,3.401197382
71.5,13.5,0,2,9,0,0,0,1,0,0,0,0,0,0,3,0,0,0,753,3600,2.995732274
71.5,13.5,0,2,9,0,0,0,1,0,0,0,0,0,0,3,0,0,0,773,3600,2.995732274
71.5,13.5,0,2,9,0,0,0,1,0,0,0,0,0,0,3,0,0,0,793,3600,2.995732274
71.5,13.5,0,2,9,0,0,0,1,0,0,0,0,0,0,3,0,0,0,813,3600,2.995732274
71.5,13.5,0,2,9,0,0,0,1,0,0,0,0,0,0,3,0,0,0,833,3600,2.995732274
71.5,13.5,0,2,9,0,0,0,1,0,0,0,0,0,0,3,0,0,0,853,3600,2.995732274
71.5,13.5,0,2,9,0,0,0,1,0,0,0,0,0,0,3,0,0,0,873,3600,2.995732274
71.5,13.5,0,2,9,0,0,0,1,0,0,0,0,0,0,0,3,0,0,753,3600,2.995732274
71.5,13.5,0,2,9,0,0,0,1,0,0,0,0,0,0,0,3,0,0,773,3600,2.995732274
71.5,13.5,0,2,9,0,0,0,1,0,0,0,0,0,0,0,3,0,0,793,3600,2.995732274
71.5,13.5,0,2,9,0,0,0,1,0,0,0,0,0,0,0,3,0,0,813,3600,2.995732274
71.5,13.5,0,2,9,0,0,0,1,0,0,0,0,0,0,0,3,0,0,833,3600,2.995732274
71.5,13.5,0,2,9,0,0,0,1,0,0,0,0,0,0,0,3,0,0,873,3600,2.995732274
71.5,13.5,0,2,9,0,0,0,1,0,0,0,0,0,0,1.5,1.5,0,0,753,3600,2.995732274
71.5,13.5,0,2,9,0,0,0,1,0,0,0,0,0,0,1.5,1.5,0,0,773,3600,2.995732274
71.5,13.5,0,2,9,0,0,0,1,0,0,0,0,0,0,1.5,1.5,0,0,793,3600,2.995732274
71.5,13.5,0,2,9,0,0,0,1,0,0,0,0,0,0,1.5,1.5,0,0,813,3600,2.995732274
71.5,13.5,0,2,9,0,0,0,1,0,0,0,0,0,0,1.5,1.5,0,0,833,3600,2.995732274
71.5,13.5,0,2,9,0,0,0,1,0,0,0,0,0,0,1.5,1.5,0,0,873,3600,2.995732274
73.5,13.5,0,0,9,0,0,0,1,0,0,0,0,0,0,3,0,0,0,753,3600,2.995732274
73.5,13.5,0,0,9,0,0,0,1,0,0,0,0,0,0,3,0,0,0,773,3600,2.995732274
73.5,13.5,0,0,9,0,0,0,1,0,0,0,0,0,0,3,0,0,0,793,3600,2.995732274
73.5,13.5,0,0,9,0,0,0,1,0,0,0,0,0,0,3,0,0,0,813,3600,2.995732274
73.5,13.5,0,0,9,0,0,0,1,0,0,0,0,0,0,3,0,0,0,833,3600,2.995732274
73.5,13.5,0,0,9,0,0,0,1,0,0,0,0,0,0,3,0,0,0,853,3600,2.995732274
73.5,13.5,0,0,9,0,0,0,1,0,0,0,0,0,0,3,0,0,0,873,3600,2.995732274
73.5,13.5,0,0,9,0,0,0,1,0,0,0,0,0,0,0,3,0,0,753,3600,2.995732274
73.5,13.5,0,0,9,0,0,0,1,0,0,0,0,0,0,0,3,0,0,773,3600,2.995732274
73.5,13.5,0,0,9,0,0,0,1,0,0,0,0,0,0,0,3,0,0,793,3600,2.995732274
73.5,13.5,0,0,9,0,0,0,1,0,0,0,0,0,0,0,3,0,0,813,3600,2.995732274
73.5,13.5,0,0,9,0,0,0,1,0,0,0,0,0,0,0,3,0,0,833,3600,2.995732274
73.5,13.5,0,0,9,0,0,0,1,0,0,0,0,0,0,0,3,0,0,873,3600,2.995732274
73.5,13.5,0,0,9,0,0,0,1,0,0,0,0,0,0,1.5,1.5,0,0,753,3600,2.995732274
73.5,13.5,0,0,9,0,0,0,1,0,0,0,0,0,0,1.5,1.5,0,0,773,3600,2.995732274
73.5,13.5,0,0,9,0,0,0,1,0,0,0,0,0,0,1.5,1.5,0,0,793,3600,2.995732274
73.5,13.5,0,0,9,0,0,0,1,0,0,0,0,0,0,1.5,1.5,0,0,813,3600,2.995732274
73.5,13.5,0,0,9,0,0,0,1,0,0,0,0,0,0,1.5,1.5,0,0,833,3600,2.995732274
73.5,13.5,0,0,9,0,0,0,1,0,0,0,0,0,0,1.5,1.5,0,0,873,3600,2.995732274
74.5,13.5,0,0,9,0,0,0,0,0,0,0,0,0,0,3,0,0,0,823,3600,2.995732274
74,13.5,0,0,9,0,0,0,0.5,0,0,0,0,0,0,3,0,0,0,823,3600,2.995732274
73.5,13.5,0,0,9,0,0,0,1,0,0,0,0,0,0,3,0,0,0,823,3600,2.995732274
73,13.5,0,0,9,0,0,0,1.5,0,0,0,0,0,0,3,0,0,0,823,3600,2.995732274
75.5,13.5,0,0,9,0,0,0,1,0,0,0,0,0,0,1,0,0,0,298,0,2.995732274
74.5,13.5,0,0,9,0,0,0,1,0,0,0,0,0,0,2,0,0,0,298,0,2.995732274
73.5,13.5,0,0,9,0,0,0,1,0,0,0,0,0,0,3,0,0,0,298,0,2.995732274
71.5,13.5,0,0,9,0,0,0,1,0,0,0,0,0,0,5,0,0,0,298,0,2.995732274
69.5,13.5,0,0,9,0,0,0,1,0,0,0,0,0,0,7,0,0,0,298,0,2.995732274
73.5,13.5,0,0,9,0,0,0,1,0,0,3,0,0,0,0,0,0,0,298,0,2.995732274
73.5,13.5,0,0,9,0,0,0,1,0,0,0,0,3,0,0,0,0,0,298,0,2.995732274
73.5,13.5,0,0,9,0,0,0,1,0,0,0,0,0,3,0,0,0,0,298,0,2.995732274
73.5,13.5,0,0,9,0,0,0,1,0,0,0,0,0,0,3,0,0,0,298,0,2.995732274
73.5,13.5,0,0,9,0,0,0,1,0,0,0,0,0,0,0,3,0,0,298,0,2.995732274
73.5,13.5,0,0,9,0,0,0,1,0,0,0,0,0,0,0,0,3,0,298,0,2.995732274
73.5,13.5,0,0,9,0,0,0,1,0,0,0,0,0,0,0,0,0,3,298,0,2.995732274
73.5,0,0,0,22.5,0,0,0,1,0,0,0,0,0,0,3,0,0,0,298,0,2.995732274
73.5,2.5,0,0,20,0,0,0,1,0,0,0,0,0,0,3,0,0,0,298,0,2.995732274
73.5,4.5,0,0,18,0,0,0,1,0,0,0,0,0,0,3,0,0,0,298,0,2.995732274
73.5,7.5,0,0,15,0,0,0,1,0,0,0,0,0,0,3,0,0,0,298,0,2.995732274
73.5,10.5,0,0,12,0,0,0,1,0,0,0,0,0,0,3,0,0,0,298,0,2.995732274
73.5,12.5,0,0,10,0,0,0,1,0,0,0,0,0,0,3,0,0,0,298,0,2.995732274
73.5,13.5,0,0,9,0,0,0,1,0,0,0,0,0,0,3,0,0,0,298,0,2.995732274
73.5,14.5,0,0,8,0,0,0,1,0,0,0,0,0,0,3,0,0,0,298,0,2.995732274
73.5,15.5,0,0,7,0,0,0,1,0,0,0,0,0,0,3,0,0,0,298,0,2.995732274
73.5,16.5,0,0,6,0,0,0,1,0,0,0,0,0,0,3,0,0,0,298,0,2.995732274
73.5,17.5,0,0,5,0,0,0,1,0,0,0,0,0,0,3,0,0,0,298,0,2.995732274
73.5,18.5,0,0,4,0,0,0,1,0,0,0,0,0,0,3,0,0,0,298,0,2.995732274
73.5,19.5,0,0,3,0,0,0,1,0,0,0,0,0,0,3,0,0,0,298,0,2.995732274
73.5,20.5,0,0,2,0,0,0,1,0,0,0,0,0,0,3,0,0,0,298,0,2.995732274
73.5,21.5,0,0,1,0,0,0,1,0,0,0,0,0,0,3,0,0,0,298,0,2.995732274
73.5,22.5,0,0,0,0,0,0,1,0,0,0,0,0,0,3,0,0,0,298,0,2.995732274
73.5,13.5,0,0,9,0,0,0,1,0,0,0,0,0,0,3,0,0,0,298,0,2.995732274
73.5,13.5,0,0,9,0,0,0,1,0,0,0,0,0,0,3,0,0,0,723,3600,2.995732274
73.5,13.5,0,0,9,0,0,0,1,0,0,0,0,0,0,3,0,0,0,743,3600,2.995732274
73.5,13.5,0,0,9,0,0,0,1,0,0,0,0,0,0,3,0,0,0,773,3600,2.995732274
73.5,13.5,0,0,9,0,0,0,1,0,0,0,0,0,0,3,0,0,0,803,3600,2.995732274
73.5,13.5,0,0,9,0,0,0,1,0,0,0,0,0,0,3,0,0,0,813,3600,2.995732274
73.5,13.5,0,0,9,0,0,0,1,0,0,0,0,0,0,3,0,0,0,823,3600,2.995732274
73.5,13.5,0,0,9,0,0,0,1,0,0,0,0,0,0,3,0,0,0,843,3600,2.995732274
73.5,13.5,0,0,9,0,0,0,1,0,0,0,0,0,0,3,0,0,0,853,3600,2.995732274
73.5,13.5,0,0,9,0,0,0,1,0,0,0,0,0,0,3,0,0,0,863,3600,2.995732274
73.5,13.5,0,0,9,0,0,0,1,0,0,0,0,0,0,3,0,0,0,873,3600,2.995732274
73.5,13.5,0,0,9,0,0,0,1,0,0,0,0,0,0,3,0,0,0,883,3600,2.995732274
73.5,13.5,0,0,9,0,0,0,1,0,0,0,0,0,0,3,0,0,0,893,3600,2.995732274
73.5,13.5,0,0,9,0,0,0,1,0,0,0,0,0,0,3,0,0,0,903,3600,2.995732274
73.5,13.5,0,0,9,0,0,0,1,0,0,0,0,0,0,3,0,0,0,923,3600,2.995732274
77,11,0,0,9,0,0,0,0.3,0,0,0,0,0,0,2.7,0,0,0,298,0,2.995732274
77,11,0,0,9,0,0,0,0.4,0,0,0,0,0,0,2.6,0,0,0,298,0,2.995732274
77,11,0,0,9,0,0,0,0.5,0,0,0,0,0,0,2.5,0,0,0,298,0,2.995732274
77,11,0,0,9,0,0,0,0.6,0,0,0,0,0,0,2.4,0,0,0,298,0,2.995732274
77,11,0,0,9,0,0,0,0.7,0,0,0,0,0,0,2.3,0,0,0,298,0,2.995732274
77,11,0,0,9,0,0,0,0.8,0,0,0,0,0,0,2.2,0,0,0,298,0,2.995732274
77,11,0,0,9,0,0,0,1,0,0,0,0,0,0,2,0,0,0,298,0,2.995732274
77,11,0,0,9,0,0,0,1.2,0,0,0,0,0,0,1.8,0,0,0,298,0,2.995732274
77,11,0,0,9,0,0,0,1.5,0,0,0,0,0,0,1.5,0,0,0,298,0,2.995732274
77,11,0,0,9,0,0,0,0.6,0,0,0,0,0,0,2.4,0,0,0,298,0,2.890371758
76.9,11,0,0,9,0,0,0,0.6,0,0,0,0,0,0,2.5,0,0,0,298,0,2.890371758
77,11,0,0,9,0,0,0,1,0,0,0,0,0,0,2,0,0,0,298,0,2.890371758
73.5,13.5,0,0,9,0,0,0,1,0,0,0,0,0,0,3,0,0,0,298,0,2.890371758
63.5,13.5,0,0,9,0,0,0,1,0,0,0,0,10,0,3,0,0,0,775,3600,3.218875825
63.5,13.5,0,0,9,0,0,0,1,0,0,0,0,10,0,3,0,0,0,800,3600,3.218875825
63.5,13.5,0,0,9,0,0,0,1,0,0,0,0,10,0,3,0,0,0,825,3600,3.218875825
63.5,13.5,0,0,9,0,0,0,1,0,0,0,0,10,0,3,0,0,0,875,3600,3.218875825
73.5,13.5,0,0,9,0,0,0,1,0,0,0,0,0,0,3,0,0,0,298,0,3.135494216
73.5,13.5,0,0,9,0,0,0,1,0,0,0,0,0,0,3,0,0,0,723,3600,3.135494216
73.5,13.5,0,0,9,0,0,0,1,0,0,0,0,0,0,3,0,0,0,773,3600,3.135494216
73.5,13.5,0,0,9,0,0,0,1,0,0,0,0,0,0,3,0,0,0,798,3600,3.135494216
73.5,13.5,0,0,9,0,0,0,1,0,0,0,0,0,0,3,0,0,0,823,3600,3.135494216
73.5,13.5,0,0,9,0,0,0,1,0,0,0,0,0,0,3,0,0,0,848,3600,3.135494216
73.5,13.5,0,0,9,0,0,0,1,0,0,0,0,0,0,3,0,0,0,923,3600,3.135494216
86,0,0,0,6,0,0,0,1,0,0,0,0,0,7,0,0,0,0,823,3600,3.135494216
86,0,0,0,6,0,0,0,1,0,0,0,0,0,7,0,0,0,0,873,3600,3.135494216
86,0,0,0,6,0,0,0,1,0,0,0,0,0,7,0,0,0,0,923,3600,3.135494216
86,0,0,0,6,0,0,0,1,0,0,0,0,0,7,0,0,0,0,973,3600,3.135494216
73.5,13.5,0,0,9,0,0,0,1,0,0,0,0,0,0,3,0,0,0,813,3600,2.995732274
71.5,13.5,0,2,9,0,0,0,1,0,0,0,0,0,0,3,0,0,0,793,3600,2.995732274
69.5,13.5,0,4,9,0,0,0,1,0,0,0,0,0,0,3,0,0,0,793,3600,2.995732274
68.5,13.5,0,5,9,0,0,0,1,0,0,0,0,0,0,3,0,0,0,793,3600,2.995732274
67,13.5,0,6.5,9,0,0,0,1,0,0,0,0,0,0,3,0,0,0,793,3600,2.995732274
65.5,13.5,0,8,9,0,0,0,1,0,0,0,0,0,0,3,0,0,0,793,3600,2.995732274
63.5,13.5,0,10,9,0,0,0,1,0,0,0,0,0,0,3,0,0,0,793,3600,2.995732274
73.5,13.5,0,0,9,0,0,0,1,0,0,0,0,0,0,3,0,0,0,753,3600,2.995732274
73.5,13.5,0,0,9,0,0,0,1,0,0,0,0,0,0,3,0,0,0,773,3600,2.995732274
73.5,13.5,0,0,9,0,0,0,1,0,0,0,0,0,0,3,0,0,0,793,3600,2.995732274
73.5,13.5,0,0,9,0,0,0,1,0,0,0,0,0,0,3,0,0,0,813,3600,2.995732274
73.5,13.5,0,0,9,0,0,0,1,0,0,0,0,0,0,3,0,0,0,823,3600,2.995732274
73.5,13.5,0,0,9,0,0,0,1,0,0,0,0,0,0,3,0,0,0,833,3600,2.995732274
73.5,13.5,0,0,9,0,0,0,1,0,0,0,0,0,0,3,0,0,0,853,3600,2.995732274
73.5,13.5,0,0,9,0,0,0,1,0,0,0,0,0,0,3,0,0,0,873,3600,2.995732274
71.5,13.5,0,2,9,0,0,0,1,0,0,0,0,0,0,3,0,0,0,753,3600,2.995732274
71.5,13.5,0,2,9,0,0,0,1,0,0,0,0,0,0,3,0,0,0,773,3600,2.995732274
71.5,13.5,0,2,9,0,0,0,1,0,0,0,0,0,0,3,0,0,0,793,3600,2.995732274
71.5,13.5,0,2,9,0,0,0,1,0,0,0,0,0,0,3,0,0,0,813,3600,2.995732274
71.5,13.5,0,2,9,0,0,0,1,0,0,0,0,0,0,3,0,0,0,823,3600,2.995732274
71.5,13.5,0,2,9,0,0,0,1,0,0,0,0,0,0,3,0,0,0,833,3600,2.995732274
71.5,13.5,0,2,9,0,0,0,1,0,0,0,0,0,0,3,0,0,0,853,3600,2.995732274
71.5,13.5,0,2,9,0,0,0,1,0,0,0,0,0,0,3,0,0,0,873,3600,2.995732274
69.5,13.5,0,4,9,0,0,0,1,0,0,0,0,0,0,3,0,0,0,753,3600,2.995732274
69.5,13.5,0,4,9,0,0,0,1,0,0,0,0,0,0,3,0,0,0,773,3600,2.995732274
69.5,13.5,0,4,9,0,0,0,1,0,0,0,0,0,0,3,0,0,0,793,3600,2.995732274
69.5,13.5,0,4,9,0,0,0,1,0,0,0,0,0,0,3,0,0,0,813,3600,2.995732274
69.5,13.5,0,4,9,0,0,0,1,0,0,0,0,0,0,3,0,0,0,823,3600,2.995732274
69.5,13.5,0,4,9,0,0,0,1,0,0,0,0,0,0,3,0,0,0,833,3600,2.995732274
69.5,13.5,0,4,9,0,0,0,1,0,0,0,0,0,0,3,0,0,0,853,3600,2.995732274
67.5,13.5,0,6,9,0,0,0,1,0,0,0,0,0,0,3,0,0,0,753,3600,2.995732274
67.5,13.5,0,6,9,0,0,0,1,0,0,0,0,0,0,3,0,0,0,773,3600,2.995732274
67.5,13.5,0,6,9,0,0,0,1,0,0,0,0,0,0,3,0,0,0,793,3600,2.995732274
67.5,13.5,0,6,9,0,0,0,1,0,0,0,0,0,0,3,0,0,0,813,3600,2.995732274
67.5,13.5,0,6,9,0,0,0,1,0,0,0,0,0,0,3,0,0,0,823,3600,2.995732274
67.5,13.5,0,6,9,0,0,0,1,0,0,0,0,0,0,3,0,0,0,833,3600,2.995732274
67.5,13.5,0,6,9,0,0,0,1,0,0,0,0,0,0,3,0,0,0,853,3600,2.995732274
73.5,13.5,0,0,9,0,0,0,1,0,0,0,0,0,0,3,0,0,0,813,3600,2.995732274
71.5,13.5,0,2,9,0,0,0,1,0,0,0,0,0,0,3,0,0,0,793,3600,2.995732274
69.5,13.5,0,4,9,0,0,0,1,0,0,0,0,0,0,3,0,0,0,793,3600,2.995732274
67.5,13.5,0,6,9,0,0,0,1,0,0,0,0,0,0,3,0,0,0,793,3600,2.995732274
80.5,0,0,0,12.5,0,0,0,0,0,0,0,0,0,0,7,0,0,0,298,0,3.401197382
80.5,0,0,0,12.5,0,0,0,0,0,0,0,0,0,0,7,0,0,0,723,3600,3.401197382
80.5,0,0,0,12.5,0,0,0,0,0,0,0,0,0,0,7,0,0,0,763,3600,3.401197382
80.5,0,0,0,12.5,0,0,0,0,0,0,0,0,0,0,7,0,0,0,803,3600,3.401197382
80.5,0,0,0,12.5,0,0,0,0,0,0,0,0,0,0,7,0,0,0,843,3600,3.401197382
80.5,0,0,0,12.5,0,0,0,0,0,0,0,0,0,0,7,0,0,0,883,3600,3.401197382
80.5,0,0,0,12.5,0,0,0,0,0,0,0,0,0,0,7,0,0,0,923,3600,3.401197382
87,0,0,0,6,0,0,0,0,0,0,0,0,0,7,0,0,0,0,723,3600,3.401197382
87,0,0,0,6,0,0,0,0,0,0,0,0,0,7,0,0,0,0,803,3600,3.401197382
87,0,0,0,6,0,0,0,0,0,0,0,0,0,7,0,0,0,0,853,3600,3.401197382
87,0,0,0,6,0,0,0,0,0,0,0,0,0,7,0,0,0,0,923,3600,3.401197382
73,15.8,0,0,7.2,0,0,0,1,0,0,0,0,0,0,3,0,0,0,298,0,3.17805383
73,15.8,0,0,7.2,0,0,0,1,0,0,0,0,0,0,3,0,0,0,693,1800,3.17805383
73,15.8,0,0,7.2,0,0,0,1,0,0,0,0,0,0,3,0,0,0,723,1800,3.17805383
73,15.8,0,0,7.2,0,0,0,1,0,0,0,0,0,0,3,0,0,0,753,1800,3.17805383
73,15.8,0,0,7.2,0,0,0,1,0,0,0,0,0,0,3,0,0,0,773,1800,3.17805383
73,15.8,0,0,7.2,0,0,0,1,0,0,0,0,0,0,3,0,0,0,79,1800,3.17805383
73,15.8,0,0,7.2,0,0,0,1,0,0,0,0,0,0,3,0,0,0,813,1800,3.17805383
73,15.8,0,0,7.2,0,0,0,1,0,0,0,0,0,0,3,0,0,0,973,1800,3.17805383
73,15.8,0,0,7.2,0,0,0,1,0,0,0,0,0,0,3,0,0,0,1023,1800,3.17805383
73,15.8,0,0,7.2,0,0,0,1,0,0,0,0,0,0,3,0,0,0,1113,1800,3.17805383
73.6,15.8,0,0,7.2,0,0,0,1,0,0,0,0,0,0,2.4,0,0,0,298,0,3.258096538
73.6,15.8,0,0,7.2,0,0,0,1,0,0,0,0,0,0,2.4,0,0,0,693,1800,3.258096538
73.6,15.8,0,0,7.2,0,0,0,1,0,0,0,0,0,0,2.4,0,0,0,723,1800,3.258096538
73.6,15.8,0,0,7.2,0,0,0,1,0,0,0,0,0,0,2.4,0,0,0,753,1800,3.258096538
73.6,15.8,0,0,7.2,0,0,0,1,0,0,0,0,0,0,2.4,0,0,0,773,1800,3.258096538
73.6,15.8,0,0,7.2,0,0,0,1,0,0,0,0,0,0,2.4,0,0,0,79,1800,3.258096538
73.6,15.8,0,0,7.2,0,0,0,1,0,0,0,0,0,0,2.4,0,0,0,813,1800,3.258096538
73.6,15.8,0,0,7.2,0,0,0,1,0,0,0,0,0,0,2.4,0,0,0,973,1800,3.258096538
73.6,15.8,0,0,7.2,0,0,0,1,0,0,0,0,0,0,2.4,0,0,0,1023,1800,3.258096538
73.5,13.5,0,0,9,0,0,0,0,1,0,0,0,0,0,3,0,0,0,773,3600,3.401197382
73.5,13.5,0,0,9,0,0,0,0,1,0,0,0,0,0,3,0,0,0,823,3600,3.401197382
86,0,0,0,6,0,0,0,1,0,0,0,0,0,3.5,3.5,0,0,0,873,300,3.218875825
85,0,0,0,7,0,0,0,1,0,0,0,0,0,2.4,4.6,0,0,0,298,0,3.218875825
84,0,0,0,8,0,0,0,1,0,0,0,0,0,1.2,5.8,0,0,0,298,0,3.218875825
83,0,0,0,9,0,0,0,1,0,0,0,0,0,0,7,0,0,0,298,0,3.218875825
86,0,0,0,7,0,0,0,0,0,0,0,0,0,2.3,4.7,0,0,0,298,0,3.218875825
85,0,0,0,8,0,0,0,0,0,0,0,0,0,1.2,5.8,0,0,0,923,300,3.218875825
84,0,0,0,9,0,0,0,0,0,0,0,0,0,0,7,0,0,0,298,0,3.218875825
72.5,13.5,0,0,9,0,0,0,1,0,0,0,0,0,0,3,1,0,0,298,0,3.218875825
72.5,13.5,0,0,9,0,0,0,1,0,0,0,0,0,0,3,1,0,0,698,3600,3.218875825
72.5,13.5,0,0,9,0,0,0,1,0,0,0,0,0,0,3,1,0,0,748,3600,3.218875825
72.5,13.5,0,0,9,0,0,0,1,0,0,0,0,0,0,3,1,0,0,773,3600,3.218875825
72.5,13.5,0,0,9,0,0,0,1,0,0,0,0,0,0,3,1,0,0,798,3600,3.218875825
72.5,13.5,0,0,9,0,0,0,1,0,0,0,0,0,0,3,1,0,0,823,3600,3.218875825
72.5,13.5,0,0,9,0,0,0,1,0,0,0,0,0,0,3,1,0,0,848,3600,3.218875825
72.5,13.5,0,0,9,0,0,0,1,0,0,0,0,0,0,3,1,0,0,873,3600,3.218875825
72.5,13.5,0,0,9,0,0,0,1,0,0,0,0,0,0,3,1,0,0,898,3600,3.218875825
72.5,13.5,0,0,9,0,0,0,1,0,0,0,0,0,0,3,1,0,0,923,3600,3.218875825
72.5,13.5,0,0,9,0,0,0,1,0,0,0,0,0,0,3,1,0,0,948,3600,3.218875825
72.5,13.5,0,0,9,0,0,0,1,0,0,0,0,0,0,3,1,0,0,973,3600,3.218875825
72.5,13.5,0,0,9,0,0,0,1,0,0,0,0,0,0,3,1,0,0,998,3600,3.218875825
70.5,13.5,0,0,9,0,0,0,1,0,0,0,0,0,0,3,3,0,0,298,0,3.218875825
70.5,13.5,0,0,9,0,0,0,1,0,0,0,0,0,0,3,3,0,0,698,3600,3.218875825
70.5,13.5,0,0,9,0,0,0,1,0,0,0,0,0,0,3,3,0,0,748,3600,3.218875825
70.5,13.5,0,0,9,0,0,0,1,0,0,0,0,0,0,3,3,0,0,773,3600,3.218875825
70.5,13.5,0,0,9,0,0,0,1,0,0,0,0,0,0,3,3,0,0,798,3600,3.218875825
70.5,13.5,0,0,9,0,0,0,1,0,0,0,0,0,0,3,3,0,0,833,3600,3.218875825
70.5,13.5,0,0,9,0,0,0,1,0,0,0,0,0,0,3,3,0,0,848,3600,3.218875825
70.5,13.5,0,0,9,0,0,0,1,0,0,0,0,0,0,3,3,0,0,873,3600,3.218875825
70.5,13.5,0,0,9,0,0,0,1,0,0,0,0,0,0,3,3,0,0,898,3600,3.218875825
70.5,13.5,0,0,9,0,0,0,1,0,0,0,0,0,0,3,3,0,0,923,3600,3.218875825
70.5,13.5,0,0,9,0,0,0,1,0,0,0,0,0,0,3,3,0,0,948,3600,3.218875825
70.5,13.5,0,0,9,0,0,0,1,0,0,0,0,0,0,3,3,0,0,998,3600,3.218875825
68.5,13.5,0,0,9,0,0,0,1,0,0,0,0,0,0,3,5,0,0,698,3600,3.218875825
68.5,13.5,0,0,9,0,0,0,1,0,0,0,0,0,0,3,5,0,0,748,3600,3.218875825
68.5,13.5,0,0,9,0,0,0,1,0,0,0,0,0,0,3,5,0,0,773,3600,3.218875825
68.5,13.5,0,0,9,0,0,0,1,0,0,0,0,0,0,3,5,0,0,798,3600,3.218875825
68.5,13.5,0,0,9,0,0,0,1,0,0,0,0,0,0,3,5,0,0,823,3600,3.218875825
68.5,13.5,0,0,9,0,0,0,1,0,0,0,0,0,0,3,5,0,0,848,3600,3.218875825
68.5,13.5,0,0,9,0,0,0,1,0,0,0,0,0,0,3,5,0,0,873,3600,3.218875825
68.5,13.5,0,0,9,0,0,0,1,0,0,0,0,0,0,3,5,0,0,898,3600,3.218875825
68.5,13.5,0,0,9,0,0,0,1,0,0,0,0,0,0,3,5,0,0,998,3600,3.218875825
73.5,13.5,0,0,9,0,0,0,1,0,0,0,0,0,0,0,3,0,0,833,3600,2.995732274
71.5,13.5,0,2,9,0,0,0,1,0,0,0,0,0,0,0,3,0,0,833,3600,2.995732274
69.5,13.5,0,4,9,0,0,0,1,0,0,0,0,0,0,0,3,0,0,833,3600,2.995732274
67.5,13.5,0,6,9,0,0,0,1,0,0,0,0,0,0,0,3,0,0,833,3600,2.995732274
73.5,13.5,0,0,9,0,0,0,1,0,0,0,0,0,0,3,0,0,0,773,3600,3.091042453
73.5,13.5,0,0,9,0,0,0,1,0,0,0,0,0,0,3,0,0,0,796,3600,3.091042453
73.5,13.5,0,0,9,0,0,0,1,0,0,0,0,0,0,3,0,0,0,813,3600,3.091042453
73.5,13.5,0,0,9,0,0,0,1,0,0,0,0,0,0,3,0,0,0,848,3600,3.091042453
73.5,13.5,0,0,9,0,0,0,1,0,0,0,0,0,0,3,0,0,0,873,3600,3.091042453
73.5,13.5,0,0,9,0,0,0,1,0,0,0,0,0,0,3,0,0,0,898,3600,3.091042453
73.5,13.5,0,0,9,0,0,0,1,0,0,0,0,0,0,3,0,0,0,923,3600,3.091042453
92.5,7.5,0,0,0,0,0,0,0,0,0,0,0,0,0,0,0,0,0,298,0,3.401197382
90.5,9.5,0,0,0,0,0,0,0,0,0,0,0,0,0,0,0,0,0,298,0,3.401197382
88,12,0,0,0,0,0,0,0,0,0,0,0,0,0,0,0,0,0,298,0,3.401197382
85,15,0,0,0,0,0,0,0,0,0,0,0,0,0,0,0,0,0,298,0,3.401197382
83.5,16.5,0,0,0,0,0,0,0,0,0,0,0,0,0,0,0,0,0,298,0,3.401197382
82,18,0,0,0,0,0,0,0,0,0,0,0,0,0,0,0,0,0,298,0,3.401197382
80,20,0,0,0,0,0,0,0,0,0,0,0,0,0,0,0,0,0,298,0,3.401197382
89,9.5,0,0,0,0,0,0,0,0,0,0,0,0,0,1.5,0,0,0,298,0,3.401197382
86.5,12,0,0,0,0,0,0,0,0,0,0,0,0,0,1.5,0,0,0,298,0,3.401197382
83.5,15,0,0,0,0,0,0,0,0,0,0,0,0,0,1.5,0,0,0,298,0,3.401197382
82,16.5,0,0,0,0,0,0,0,0,0,0,0,0,0,1.5,0,0,0,298,0,3.401197382
80.5,18,0,0,0,0,0,0,0,0,0,0,0,0,0,1.5,0,0,0,298,0,3.401197382
78.5,20,0,0,0,0,0,0,0,0,0,0,0,0,0,1.5,0,0,0,298,0,3.401197382
73.5,13.5,0,0,9,0,0,0,1,0,0,0,0,0,0,3,0,0,0,298,0,3.218875825
73.5,13.5,0,0,9,0,0,0,1,0,0,0,0,0,0,3,0,0,0,728,3600,3.218875825
73.5,13.5,0,0,9,0,0,0,1,0,0,0,0,0,0,3,0,0,0,773,3600,3.218875825
73.5,13.5,0,0,9,0,0,0,1,0,0,0,0,0,0,3,0,0,0,813,3600,3.218875825
73.5,13.5,0,0,9,0,0,0,1,0,0,0,0,0,0,3,0,0,0,833,3600,3.218875825
73.5,13.5,0,0,9,0,0,0,1,0,0,0,0,0,0,3,0,0,0,883,3600,3.218875825
73.5,13.5,0,0,9,0,0,0,1,0,0,0,0,0,0,3,0,0,0,928,3600,3.218875825
72.5,13.5,0,0,9,0,0,1,1,0,0,0,0,0,0,3,0,0,0,298,0,3.218875825
72.5,13.5,0,0,9,0,0,1,1,0,0,0,0,0,0,3,0,0,0,728,3600,3.218875825
72.5,13.5,0,0,9,0,0,1,1,0,0,0,0,0,0,3,0,0,0,773,3600,3.218875825
72.5,13.5,0,0,9,0,0,1,1,0,0,0,0,0,0,3,0,0,0,813,3600,3.218875825
72.5,13.5,0,0,9,0,0,1,1,0,0,0,0,0,0,3,0,0,0,833,3600,3.218875825
72.5,13.5,0,0,9,0,0,1,1,0,0,0,0,0,0,3,0,0,0,883,3600,3.218875825
72.5,13.5,0,0,9,0,0,1,1,0,0,0,0,0,0,3,0,0,0,928,3600,3.218875825
73.5,13.5,0,0,7,0,0,2,1,0,0,0,0,0,0,3,0,0,0,298,0,3.218875825
73.5,13.5,0,0,7,0,0,2,1,0,0,0,0,0,0,3,0,0,0,728,3600,3.218875825
73.5,13.5,0,0,7,0,0,2,1,0,0,0,0,0,0,3,0,0,0,773,3600,3.218875825
73.5,13.5,0,0,7,0,0,2,1,0,0,0,0,0,0,3,0,0,0,813,3600,3.218875825
73.5,13.5,0,0,7,0,0,2,1,0,0,0,0,0,0,3,0,0,0,833,3600,3.218875825
73.5,13.5,0,0,7,0,0,2,1,0,0,0,0,0,0,3,0,0,0,883,3600,3.218875825
73.5,13.5,0,0,7,0,0,2,1,0,0,0,0,0,0,3,0,0,0,928,3600,3.218875825
71.5,9.5,0,2,9,0,0,4,1,0,0,0,0,0,0,3,0,0,0,723,3600,3.218875825
71.5,9.5,0,2,9,0,0,4,1,0,0,0,0,0,0,3,0,0,0,773,3600,3.218875825
71.5,9.5,0,2,9,0,0,4,1,0,0,0,0,0,0,3,0,0,0,813,3600,3.218875825
71.5,9.5,0,2,9,0,0,4,1,0,0,0,0,0,0,3,0,0,0,873,3600,3.218875825
71.5,9.5,0,2,9,0,0,4,1,0,0,0,0,0,0,3,0,0,0,923,3600,3.218875825
71.5,9.5,0,1,9,0,0,5,1,0,0,0,0,0,0,3,0,0,0,723,3600,3.218875825
71.5,9.5,0,1,9,0,0,5,1,0,0,0,0,0,0,3,0,0,0,773,3600,3.218875825
71.5,9.5,0,1,9,0,0,5,1,0,0,0,0,0,0,3,0,0,0,813,3600,3.218875825
71.5,9.5,0,1,9,0,0,5,1,0,0,0,0,0,0,3,0,0,0,873,3600,3.218875825
71.5,9.5,0,1,9,0,0,5,1,0,0,0,0,0,0,3,0,0,0,923,3600,3.218875825
73.5,13.5,0,0,9,0,0,0,1,0,0,0,0,0,2,1,0,0,0,643,3600,2.995732274
73.5,13.5,0,0,9,0,0,0,1,0,0,0,0,0,2,1,0,0,0,693,3600,2.995732274
73.5,13.5,0,0,9,0,0,0,1,0,0,0,0,0,2,1,0,0,0,743,3600,2.995732274
73.5,13.5,0,0,9,0,0,0,1,0,0,0,0,0,2,1,0,0,0,758,3600,2.995732274
73.5,13.5,0,0,9,0,0,0,1,0,0,0,0,0,2,1,0,0,0,773,3600,2.995732274
73.5,13.5,0,0,9,0,0,0,1,0,0,0,0,0,2,1,0,0,0,793,3600,2.995732274
73.5,13.5,0,0,9,0,0,0,1,0,0,0,0,0,2,1,0,0,0,817,3600,2.995732274
73.5,13.5,0,0,9,0,0,0,1,0,0,0,0,0,0,3,0,0,0,658,3600,2.995732274
73.5,13.5,0,0,9,0,0,0,1,0,0,0,0,0,0,3,0,0,0,708,3600,2.995732274
73.5,13.5,0,0,9,0,0,0,1,0,0,0,0,0,0,3,0,0,0,738,3600,2.995732274
73.5,13.5,0,0,9,0,0,0,1,0,0,0,0,0,0,3,0,0,0,758,3600,2.995732274
73.5,13.5,0,0,9,0,0,0,1,0,0,0,0,0,0,3,0,0,0,773,3600,2.995732274
73.5,13.5,0,0,9,0,0,0,1,0,0,0,0,0,0,3,0,0,0,788,3600,2.995732274
73.5,13.5,0,0,9,0,0,0,1,0,0,0,0,0,0,3,0,0,0,808,3600,2.995732274
73.5,13.5,0,0,9,0,0,0,1,0,0,0,0,0,0,3,0,0,0,833,3600,2.995732274
73.5,13.5,0,0,9,0,0,0,1,0,0,0,0,0,0,1,2,0,0,623,3600,2.995732274
73.5,13.5,0,0,9,0,0,0,1,0,0,0,0,0,0,1,2,0,0,673,3600,2.995732274
73.5,13.5,0,0,9,0,0,0,1,0,0,0,0,0,0,1,2,0,0,723,3600,2.995732274
73.5,13.5,0,0,9,0,0,0,1,0,0,0,0,0,0,1,2,0,0,738,3600,2.995732274
73.5,13.5,0,0,9,0,0,0,1,0,0,0,0,0,0,1,2,0,0,753,3600,2.995732274
73.5,13.5,0,0,9,0,0,0,1,0,0,0,0,0,0,1,2,0,0,773,3600,2.995732274
73.5,13.5,0,0,9,0,0,0,1,0,0,0,0,0,0,1,2,0,0,798,3600,2.995732274
73.5,13.5,0,0,9,0,0,0,1,0,0,0,2,0,0,1,0,0,0,643,3600,2.995732274
73.5,13.5,0,0,9,0,0,0,1,0,0,0,2,0,0,1,0,0,0,693,3600,2.995732274
73.5,13.5,0,0,9,0,0,0,1,0,0,0,2,0,0,1,0,0,0,733,3600,2.995732274
73.5,13.5,0,0,9,0,0,0,1,0,0,0,2,0,0,1,0,0,0,743,3600,2.995732274
73.5,13.5,0,0,9,0,0,0,1,0,0,0,2,0,0,1,0,0,0,758,3600,2.995732274
73.5,13.5,0,0,9,0,0,0,1,0,0,0,2,0,0,1,0,0,0,773,3600,2.995732274
73.5,13.5,0,0,9,0,0,0,1,0,0,0,2,0,0,1,0,0,0,793,3600,2.995732274
80.5,0,0,0,12.5,0,0,0,0,0,0,0,0,0,0,7,0,0,0,298,0,3.401197382
80.5,0,0,0,12.5,0,0,0,0,0,0,0,0,0,0,7,0,0,0,473,3600,3.401197382
80.5,0,0,0,12.5,0,0,0,0,0,0,0,0,0,0,7,0,0,0,523,3600,3.401197382
80.5,0,0,0,12.5,0,0,0,0,0,0,0,0,0,0,7,0,0,0,573,3600,3.401197382
80.5,0,0,0,12.5,0,0,0,0,0,0,0,0,0,0,7,0,0,0,623,3600,3.401197382
80.5,0,0,0,12.5,0,0,0,0,0,0,0,0,0,0,7,0,0,0,673,3600,3.401197382
80.5,0,0,0,12.5,0,0,0,0,0,0,0,0,0,0,7,0,0,0,723,3600,3.401197382
80.5,0,0,0,12.5,0,0,0,0,0,0,0,0,0,0,7,0,0,0,743,3600,3.401197382
80.5,0,0,0,12.5,0,0,0,0,0,0,0,0,0,0,7,0,0,0,763,3600,3.401197382
80.5,0,0,0,12.5,0,0,0,0,0,0,0,0,0,0,7,0,0,0,783,3600,3.401197382
80.5,0,0,0,12.5,0,0,0,0,0,0,0,0,0,0,7,0,0,0,803,3600,3.401197382
80.5,0,0,0,12.5,0,0,0,0,0,0,0,0,0,0,7,0,0,0,823,3600,3.401197382
80.5,0,0,0,12.5,0,0,0,0,0,0,0,0,0,0,7,0,0,0,843,3600,3.401197382
80.5,0,0,0,12.5,0,0,0,0,0,0,0,0,0,0,7,0,0,0,863,3600,3.401197382
80.5,0,0,0,12.5,0,0,0,0,0,0,0,0,0,0,7,0,0,0,883,3600,3.401197382
80.5,0,0,0,12.5,0,0,0,0,0,0,0,0,0,0,7,0,0,0,903,3600,3.401197382
80.5,0,0,0,12.5,0,0,0,0,0,0,0,0,0,0,7,0,0,0,923,3600,3.401197382
80.5,0,0,0,12.5,0,0,0,0,0,0,0,0,0,0,7,0,0,0,943,3600,3.401197382
78,0,0,0,22,0,0,0,0,0,0,0,0,0,0,0,0,0,0,298,0,3.218875825
78,0,0,0,22,0,0,0,0,0,0,0,0,0,0,0,0,0,0,323,3600,3.218875825
78,0,0,0,22,0,0,0,0,0,0,0,0,0,0,0,0,0,0,348,3600,3.218875825
78,0,0,0,22,0,0,0,0,0,0,0,0,0,0,0,0,0,0,373,3600,3.218875825
78,0,0,0,22,0,0,0,0,0,0,0,0,0,0,0,0,0,0,398,3600,3.218875825
78,0,0,0,22,0,0,0,0,0,0,0,0,0,0,0,0,0,0,423,3600,3.218875825
78,0,0,0,22,0,0,0,0,0,0,0,0,0,0,0,0,0,0,448,3600,3.218875825
78,0,0,0,22,0,0,0,0,0,0,0,0,0,0,0,0,0,0,473,3600,3.218875825
78,0,0,0,22,0,0,0,0,0,0,0,0,0,0,0,0,0,0,498,3600,3.218875825
78,0,0,0,22,0,0,0,0,0,0,0,0,0,0,0,0,0,0,523,3600,3.218875825
78,0,0,0,22,0,0,0,0,0,0,0,0,0,0,0,0,0,0,548,3600,3.218875825
78,0,0,0,22,0,0,0,0,0,0,0,0,0,0,0,0,0,0,573,3600,3.218875825
78,0,0,0,22,0,0,0,0,0,0,0,0,0,0,0,0,0,0,583,3600,3.218875825
78,0,0,0,22,0,0,0,0,0,0,0,0,0,0,0,0,0,0,598,3600,3.218875825
78,0,0,0,22,0,0,0,0,0,0,0,0,0,0,0,0,0,0,608,3600,3.218875825
78,0,0,0,22,0,0,0,0,0,0,0,0,0,0,0,0,0,0,623,3600,3.218875825
76,0,0,0,22,0,0,0,0,0,0,0,0,2,0,0,0,0,0,523,3600,3.218875825
76,0,0,0,22,0,0,0,0,0,0,0,0,2,0,0,0,0,0,548,3600,3.218875825
76,0,0,0,22,0,0,0,0,0,0,0,0,2,0,0,0,0,0,573,3600,3.218875825
76,0,0,0,22,0,0,0,0,0,0,0,0,2,0,0,0,0,0,598,3600,3.218875825
76,0,0,0,22,0,0,0,0,0,0,0,0,2,0,0,0,0,0,623,3600,3.218875825
76,0,0,0,22,0,0,0,0,0,0,0,0,0,2,0,0,0,0,323,3600,3.218875825
76,0,0,0,22,0,0,0,0,0,0,0,0,0,2,0,0,0,0,348,3600,3.218875825
76,0,0,0,22,0,0,0,0,0,0,0,0,0,2,0,0,0,0,373,3600,3.218875825
76,0,0,0,22,0,0,0,0,0,0,0,0,0,2,0,0,0,0,398,3600,3.218875825
76,0,0,0,22,0,0,0,0,0,0,0,0,0,2,0,0,0,0,423,3600,3.218875825
76,0,0,0,22,0,0,0,0,0,0,0,0,0,2,0,0,0,0,448,3600,3.218875825
76,0,0,0,22,0,0,0,0,0,0,0,0,0,2,0,0,0,0,473,3600,3.218875825
76,0,0,0,22,0,0,0,0,0,0,0,0,0,2,0,0,0,0,498,3600,3.218875825
76,0,0,0,22,0,0,0,0,0,0,0,0,0,2,0,0,0,0,523,3600,3.218875825
76,0,0,0,22,0,0,0,0,0,0,0,0,0,2,0,0,0,0,548,3600,3.218875825
76,0,0,0,22,0,0,0,0,0,0,0,0,0,2,0,0,0,0,573,3600,3.218875825
76,0,0,0,22,0,0,0,0,0,0,0,0,0,2,0,0,0,0,598,3600,3.218875825
76,0,0,0,22,0,0,0,0,0,0,0,0,0,2,0,0,0,0,623,3600,3.218875825
76,0,0,0,22,0,0,0,0,0,0,0,0,0,2,0,0,0,0,648,3600,3.218875825
76,0,0,0,22,0,0,0,0,0,0,0,0,0,2,0,0,0,0,673,3600,3.218875825
76,0,0,0,22,0,0,0,0,0,0,0,0,0,2,0,0,0,0,698,3600,3.218875825
76,0,0,0,22,0,0,0,0,0,0,0,0,0,2,0,0,0,0,723,3600,3.218875825
76,0,0,0,22,0,0,0,0,0,0,0,0,0,0,2,0,0,0,298,0,3.218875825
76,0,0,0,22,0,0,0,0,0,0,0,0,0,0,2,0,0,0,323,3600,3.218875825
76,0,0,0,22,0,0,0,0,0,0,0,0,0,0,2,0,0,0,348,3600,3.218875825
76,0,0,0,22,0,0,0,0,0,0,0,0,0,0,2,0,0,0,373,3600,3.218875825
76,0,0,0,22,0,0,0,0,0,0,0,0,0,0,2,0,0,0,398,3600,3.218875825
76,0,0,0,22,0,0,0,0,0,0,0,0,0,0,2,0,0,0,423,3600,3.218875825
76,0,0,0,22,0,0,0,0,0,0,0,0,0,0,2,0,0,0,448,3600,3.218875825
76,0,0,0,22,0,0,0,0,0,0,0,0,0,0,2,0,0,0,473,3600,3.218875825
76,0,0,0,22,0,0,0,0,0,0,0,0,0,0,2,0,0,0,498,3600,3.218875825
76,0,0,0,22,0,0,0,0,0,0,0,0,0,0,2,0,0,0,523,3600,3.218875825
76,0,0,0,22,0,0,0,0,0,0,0,0,0,0,2,0,0,0,548,3600,3.218875825
76,0,0,0,22,0,0,0,0,0,0,0,0,0,0,2,0,0,0,573,3600,3.218875825
76,0,0,0,22,0,0,0,0,0,0,0,0,0,0,2,0,0,0,598,3600,3.218875825
76,0,0,0,22,0,0,0,0,0,0,0,0,0,0,2,0,0,0,623,3600,3.218875825
76,0,0,0,22,0,0,0,0,0,0,0,0,0,0,2,0,0,0,648,3600,3.218875825
76,0,0,0,22,0,0,0,0,0,0,0,0,0,0,2,0,0,0,673,3600,3.218875825
76,0,0,0,22,0,0,0,0,0,0,0,0,0,0,2,0,0,0,698,3600,3.218875825
76,0,0,0,22,0,0,0,0,0,0,0,0,0,0,2,0,0,0,723,3600,3.218875825
76,0,0,0,22,0,0,0,0,0,0,0,0,0,0,2,0,0,0,748,3600,3.218875825
76,0,0,0,22,0,0,0,0,0,0,0,0,0,0,2,0,0,0,773,3600,3.218875825
73.5,13.5,0,0,9,0,0,0,1,0,0,0,0,0,0,3,0,0,0,298,0,3.63758616
73.5,13.5,0,0,9,0,0,0,1,0,0,0,0,0,0,3,0,0,0,723,3600,3.63758616
73.5,13.5,0,0,9,0,0,0,1,0,0,0,0,0,0,3,0,0,0,823,3600,3.63758616
73.5,13.5,0,0,9,0,0,0,1,0,0,0,0,0,0,3,0,0,0,923,3600,3.63758616
73.5,13.5,0,0,9,0,0,0,1,0,0,0,0,0,0,3,0,0,0,1123,3600,3.63758616
